order_month,sales_region,sales_channel,customer_segment,orders,customers,net_sales_usd,gross_margin_usd,gross_margin_pct,return_rate,late_delivery_rate,avg_satisfaction
2025-01,Central,B2B Sales,Consumer,8,7,768.65,296.27,0.37485474649083805,0.125,0.5,3.0
2025-01,Central,B2B Sales,Enterprise,8,8,840.54,295.56,0.35216037927354127,0.0,0.5,3.875
2025-01,Central,B2B Sales,SMB,20,20,5464.28,1743.91,0.32314024972388466,0.05,0.75,3.3157894736842106
2025-01,Central,B2B Sales,Unknown,6,6,1365.9,504.1700000000001,0.39783908398815204,0.0,1.0,4.5
2025-01,Central,Marketplace,Consumer,6,6,857.77,226.09999999999997,0.32428102233520606,0.0,0.8333333333333334,4.0
2025-01,Central,Marketplace,Enterprise,6,6,1060.3600000000001,365.7,0.33381318061665183,0.0,0.8333333333333334,3.6666666666666665
2025-01,Central,Marketplace,SMB,11,11,3398.94,1201.9099999999999,0.33989795957881513,0.0,0.6363636363636364,3.272727272727273
2025-01,Central,Marketplace,Unknown,4,4,411.27,131.63,0.29049096413954556,0.0,0.5,3.5
2025-01,Central,Online,Consumer,20,20,2515.5,852.31,0.3501612411029834,0.05,0.55,3.6666666666666665
2025-01,Central,Online,Enterprise,10,10,1515.04,449.61999999999995,0.3354319713918423,0.2,0.6,3.7
2025-01,Central,Online,SMB,32,32,5807.02,1954.83,0.3275927456819022,0.15625,0.78125,3.129032258064516
2025-01,Central,Online,Unknown,10,10,2078.75,650.26,0.3520634400666819,0.3,0.8,2.4
2025-01,Central,Retail,Consumer,7,7,1030.74,305.30999999999995,0.2838381336447685,0.0,0.7142857142857143,2.857142857142857
2025-01,Central,Retail,Enterprise,5,5,560.5,190.77,0.3078995030686881,0.4,0.6,3.2
2025-01,Central,Retail,SMB,14,14,2536.34,871.79,0.34242682585697537,0.21428571428571427,0.5714285714285714,3.3076923076923075
2025-01,Central,Retail,Unknown,5,5,1517.8600000000001,445.65999999999997,0.29418369733369626,0.0,0.6,2.8
2025-01,EU,B2B Sales,Consumer,9,9,1524.31,509.96,0.28405735747435373,0.0,0.7777777777777778,3.5
2025-01,EU,B2B Sales,Enterprise,5,5,390.9,132.62999999999997,0.3167037072350137,0.4,0.4,2.75
2025-01,EU,B2B Sales,SMB,13,13,2297.0699999999997,719.95,0.3178937032261864,0.07692307692307693,0.5384615384615384,3.6153846153846154
2025-01,EU,B2B Sales,Unknown,4,4,685.29,209.64,0.34488092269119647,0.25,0.75,3.5
2025-01,EU,Marketplace,Consumer,2,2,867.59,259.0,0.3101999641465423,0.0,0.5,4.0
2025-01,EU,Marketplace,Enterprise,4,4,619.43,219.58999999999997,0.3330904558540543,0.0,1.0,3.25
2025-01,EU,Marketplace,SMB,20,20,4828.92,1639.48,0.3220471816067977,0.15,0.75,3.2777777777777777
2025-01,EU,Marketplace,Unknown,5,5,1150.09,382.46,0.3413849388629178,0.0,0.8,3.2
2025-01,EU,Online,Consumer,16,16,2217.39,743.4,0.32297233567106093,0.0,0.6875,3.625
2025-01,EU,Online,Enterprise,10,10,1730.81,665.73,0.3552726265850937,0.2,0.6,3.3
2025-01,EU,Online,SMB,27,27,5908.32,2081.0499999999997,0.34451418179485,0.2962962962962963,0.8518518518518519,3.125
2025-01,EU,Online,Unknown,11,11,2458.58,779.3499999999999,0.3110629619003327,0.18181818181818182,0.7272727272727273,3.2222222222222223
2025-01,EU,Retail,Consumer,3,3,441.3,171.13000000000002,0.35046303645883126,0.0,0.3333333333333333,3.6666666666666665
2025-01,EU,Retail,Enterprise,8,8,669.73,241.12000000000003,0.3312592020515702,0.125,0.625,2.75
2025-01,EU,Retail,SMB,18,18,4035.64,1233.68,0.3154716994523051,0.1111111111111111,0.6111111111111112,3.4705882352941178
2025-01,EU,Retail,Unknown,8,8,945.53,271.93,0.29115765346512756,0.125,0.75,3.25
2025-01,East,B2B Sales,Consumer,7,7,1101.21,387.76,0.30890258702757956,0.0,0.2857142857142857,3.857142857142857
2025-01,East,B2B Sales,Enterprise,3,3,76.77,23.720000000000002,0.3124946663783318,0.3333333333333333,0.6666666666666666,4.0
2025-01,East,B2B Sales,SMB,11,11,1825.1100000000001,630.11,0.32819907401677656,0.09090909090909091,0.7272727272727273,3.1818181818181817
2025-01,East,B2B Sales,Unknown,3,3,813.29,217.33999999999992,0.28929242830398244,0.0,0.3333333333333333,3.0
2025-01,East,Marketplace,Consumer,6,6,691.1199999999999,266.27,0.3810845448712659,0.3333333333333333,0.5,2.8333333333333335
2025-01,East,Marketplace,Enterprise,4,4,436.41999999999996,158.10999999999999,0.33642750594048754,0.0,0.25,3.0
2025-01,East,Marketplace,SMB,12,12,1194.95,346.17999999999995,0.30006691470079333,0.0,0.9166666666666666,3.4166666666666665
2025-01,East,Marketplace,Unknown,4,4,343.39,116.78,0.34220479062462295,0.0,0.75,3.75
2025-01,East,Online,Consumer,14,14,1603.63,562.58,0.3419419251700345,0.14285714285714285,0.5714285714285714,3.2857142857142856
2025-01,East,Online,Enterprise,9,9,798.38,275.55,0.3303105838734609,0.0,0.5555555555555556,3.7142857142857144
2025-01,East,Online,SMB,26,26,3411.88,1058.38,0.31799391388973963,0.11538461538461539,0.8461538461538461,3.0384615384615383
2025-01,East,Online,Unknown,16,16,3459.32,1049.54,0.3224517742982858,0.0625,0.8125,3.6875
2025-01,East,Retail,Consumer,5,5,1346.53,509.3599999999999,0.34301659966982995,0.0,1.0,3.4
2025-01,East,Retail,Enterprise,8,8,1733.84,501.39,0.2982296875851865,0.125,0.625,3.375
2025-01,East,Retail,SMB,13,13,3481.05,1098.1,0.31407206324918013,0.23076923076923078,0.8461538461538461,3.25
2025-01,East,Retail,Unknown,4,4,1142.63,315.39,0.2610662977221946,0.25,1.0,3.25
2025-01,West,B2B Sales,Consumer,9,9,1749.6,664.1100000000001,0.33132231434079357,0.1111111111111111,0.5555555555555556,3.0
2025-01,West,B2B Sales,Enterprise,13,13,2466.32,787.4499999999999,0.3113909859211685,0.15384615384615385,0.46153846153846156,3.0833333333333335
2025-01,West,B2B Sales,SMB,15,15,2352.17,751.6700000000001,0.3393404067340283,0.06666666666666667,0.3333333333333333,3.533333333333333
2025-01,West,B2B Sales,Unknown,13,13,4845.450000000001,1786.44,0.33229102809266237,0.0,0.7692307692307693,3.75
2025-01,West,Marketplace,Consumer,14,14,3073.88,910.6600000000001,0.3320183819440104,0.0,0.5,3.6153846153846154
2025-01,West,Marketplace,Enterprise,12,12,3346.63,1087.17,0.31605629558768406,0.08333333333333333,0.9166666666666666,2.909090909090909
2025-01,West,Marketplace,SMB,19,19,2126.46,657.6,0.31202477289449,0.0,0.7368421052631579,3.3333333333333335
2025-01,West,Marketplace,Unknown,11,11,926.9100000000001,303.44000000000005,0.33362240825216843,0.09090909090909091,0.5454545454545454,3.6363636363636362
2025-01,West,Online,Consumer,23,23,4524.0,1287.6399999999999,0.3124826593172029,0.043478260869565216,0.6521739130434783,3.1739130434782608
2025-01,West,Online,Enterprise,16,16,3182.21,991.3599999999999,0.30901884509951727,0.1875,0.75,3.25
2025-01,West,Online,SMB,53,51,9806.61,2849.86,0.3018391339143732,0.09433962264150944,0.660377358490566,3.519230769230769
2025-01,West,Online,Unknown,26,26,4206.84,1458.34,0.3327265671145672,0.15384615384615385,0.5769230769230769,3.4
2025-01,West,Retail,Consumer,13,13,1640.35,584.8100000000001,0.36206092340951035,0.07692307692307693,0.6153846153846154,3.3076923076923075
2025-01,West,Retail,Enterprise,8,8,1326.45,367.13000000000005,0.2977293887835271,0.0,0.625,3.25
2025-01,West,Retail,SMB,16,16,3356.7999999999997,1096.53,0.3372319786388367,0.0,0.5625,3.375
2025-01,West,Retail,Unknown,11,11,1298.06,466.83000000000004,0.329364013238095,0.0,0.5454545454545454,3.4
2025-02,Central,B2B Sales,Consumer,9,9,2083.05,683.8499999999999,0.36378081304303234,0.0,0.7777777777777778,3.6666666666666665
2025-02,Central,B2B Sales,Enterprise,7,7,720.3399999999999,242.02999999999997,0.3623481358779572,0.14285714285714285,0.7142857142857143,3.7142857142857144
2025-02,Central,B2B Sales,SMB,10,10,1363.65,412.87,0.31659650685940616,0.1,0.8,3.2
2025-02,Central,B2B Sales,Unknown,4,4,384.27000000000004,147.39,0.3730625444283373,0.0,1.0,4.25
2025-02,Central,Marketplace,Consumer,5,5,1350.06,369.69000000000005,0.30732866708543927,0.0,0.8,2.8
2025-02,Central,Marketplace,Enterprise,5,5,1720.34,709.62,0.37121886337181415,0.2,0.8,3.2
2025-02,Central,Marketplace,SMB,15,15,2473.93,877.1700000000001,0.34038365809722687,0.13333333333333333,0.4666666666666667,3.3333333333333335
2025-02,Central,Marketplace,Unknown,4,4,471.78999999999996,137.74,0.30771650139694395,0.0,1.0,3.75
2025-02,Central,Online,Consumer,11,11,1832.12,574.87,0.3283442671935155,0.0,0.5454545454545454,3.1818181818181817
2025-02,Central,Online,Enterprise,13,13,3416.4300000000003,916.19,0.2854404065341956,0.07692307692307693,0.8461538461538461,3.5833333333333335
2025-02,Central,Online,SMB,17,16,1601.32,537.0,0.3152447394284506,0.4117647058823529,0.5882352941176471,3.1333333333333333
2025-02,Central,Online,Unknown,9,9,975.9000000000001,274.24,0.2817828979877024,0.0,0.4444444444444444,3.125
2025-02,Central,Retail,Consumer,7,7,1029.59,308.92,0.31993518059001763,0.14285714285714285,0.5714285714285714,3.1666666666666665
2025-02,Central,Retail,Enterprise,6,6,2828.36,836.3799999999999,0.280368150137212,0.16666666666666666,0.3333333333333333,2.4
2025-02,Central,Retail,SMB,3,3,573.03,246.39000000000001,0.37945291099872486,0.0,0.6666666666666666,3.6666666666666665
2025-02,Central,Retail,Unknown,9,9,1414.36,431.04999999999995,0.3041850887885261,0.0,0.5555555555555556,3.4444444444444446
2025-02,EU,B2B Sales,Consumer,1,1,238.62,50.25999999999999,0.21062777638085656,0.0,1.0,5.0
2025-02,EU,B2B Sales,Enterprise,6,6,2375.07,717.5900000000001,0.30439280640172106,0.0,0.6666666666666666,4.0
2025-02,EU,B2B Sales,SMB,11,9,915.39,291.0,0.34460496891668835,0.09090909090909091,0.7272727272727273,3.4545454545454546
2025-02,EU,B2B Sales,Unknown,9,9,1442.1,430.71999999999997,0.3121383030904934,0.2222222222222222,0.6666666666666666,3.25
2025-02,EU,Marketplace,Consumer,3,3,643.95,194.05,0.3398896133116351,0.3333333333333333,0.6666666666666666,3.3333333333333335
2025-02,EU,Marketplace,Enterprise,8,8,1174.3999999999999,383.04999999999995,0.3484616836824446,0.0,0.875,3.125
2025-02,EU,Marketplace,SMB,9,9,1409.44,446.28000000000003,0.3399787815036498,0.1111111111111111,0.8888888888888888,3.75
2025-02,EU,Marketplace,Unknown,6,6,684.75,193.56,0.31496673967790906,0.5,1.0,3.1666666666666665
2025-02,EU,Online,Consumer,7,7,2192.27,804.67,0.35915413364632787,0.0,1.0,3.2857142857142856
2025-02,EU,Online,Enterprise,7,7,916.03,284.13,0.3392305221050898,0.0,0.42857142857142855,3.0
2025-02,EU,Online,SMB,12,12,1257.68,421.86,0.3247615291011831,0.0,0.75,3.4166666666666665
2025-02,EU,Online,Unknown,10,10,1186.02,352.89,0.28484457603845,0.1,0.9,3.2222222222222223
2025-02,EU,Retail,Consumer,3,3,623.04,165.08999999999997,0.26481032544932476,0.3333333333333333,0.3333333333333333,3.3333333333333335
2025-02,EU,Retail,Enterprise,11,11,1520.23,476.84000000000003,0.3311535368292919,0.45454545454545453,0.8181818181818182,2.9
2025-02,EU,Retail,SMB,14,14,2799.94,1003.89,0.3586011603296325,0.21428571428571427,0.5714285714285714,3.0
2025-02,EU,Retail,Unknown,9,9,1383.3999999999999,496.41999999999996,0.34556294768611384,0.1111111111111111,0.7777777777777778,3.6666666666666665
2025-02,East,B2B Sales,Consumer,7,7,1260.62,457.5400000000001,0.35276330292575014,0.14285714285714285,0.8571428571428571,3.4285714285714284
2025-02,East,B2B Sales,Enterprise,7,7,842.48,276.84,0.3106818630717549,0.0,0.2857142857142857,3.0
2025-02,East,B2B Sales,SMB,14,14,2960.18,864.7099999999998,0.3227639345285528,0.07142857142857142,0.7142857142857143,3.4285714285714284
2025-02,East,B2B Sales,Unknown,9,9,1167.79,416.43,0.33044178616143594,0.1111111111111111,0.8888888888888888,4.0
2025-02,East,Marketplace,Consumer,3,3,522.79,216.38,0.39655893010074444,0.0,1.0,3.6666666666666665
2025-02,East,Marketplace,Enterprise,7,7,891.19,262.87,0.3283773826042421,0.0,1.0,4.166666666666667
2025-02,East,Marketplace,SMB,6,6,1644.77,466.19,0.2643729942485776,0.0,0.8333333333333334,3.3333333333333335
2025-02,East,Marketplace,Unknown,9,9,1748.65,663.9100000000001,0.3595203031314221,0.1111111111111111,0.8888888888888888,4.0
2025-02,East,Online,Consumer,10,10,3795.77,1266.84,0.3329102166379424,0.0,0.6,4.0
2025-02,East,Online,Enterprise,12,12,2941.63,959.5500000000001,0.3354628195726279,0.0,0.8333333333333334,3.6363636363636362
2025-02,East,Online,SMB,14,14,2780.73,885.63,0.33639788050007163,0.14285714285714285,0.7857142857142857,3.142857142857143
2025-02,East,Online,Unknown,15,15,2168.25,744.24,0.34432432911764,0.06666666666666667,0.6666666666666666,3.066666666666667
2025-02,East,Retail,Consumer,1,1,109.27,48.029999999999994,0.4395533998352704,0.0,1.0,3.0
2025-02,East,Retail,Enterprise,8,8,1056.95,268.71,0.26975850697054876,0.25,0.375,3.0
2025-02,East,Retail,SMB,8,8,1296.63,459.96000000000004,0.3371804570342293,0.0,0.75,3.375
2025-02,East,Retail,Unknown,7,7,661.38,194.39,0.3460136979303828,0.0,0.42857142857142855,3.4285714285714284
2025-02,West,B2B Sales,Consumer,19,19,2543.88,864.24,0.3428020930680422,0.10526315789473684,0.7368421052631579,3.0
2025-02,West,B2B Sales,Enterprise,16,16,3444.53,1083.65,0.3021345444890537,0.1875,0.6875,3.375
2025-02,West,B2B Sales,SMB,20,20,4483.05,1558.75,0.32647424715524,0.15,0.55,3.0
2025-02,West,B2B Sales,Unknown,10,10,746.58,226.73000000000002,0.29532251500314655,0.0,1.0,3.7
2025-02,West,Marketplace,Consumer,6,6,602.8399999999999,186.59999999999997,0.32436851473324096,0.16666666666666666,0.8333333333333334,3.0
2025-02,West,Marketplace,Enterprise,15,15,2588.05,726.15,0.3030880078849745,0.13333333333333333,0.7333333333333333,3.6666666666666665
2025-02,West,Marketplace,SMB,23,23,6244.889999999999,2099.04,0.31672202787654063,0.043478260869565216,0.5217391304347826,3.227272727272727
2025-02,West,Marketplace,Unknown,4,4,892.48,252.07000000000005,0.28964876267613054,0.0,0.5,3.25
2025-02,West,Online,Consumer,29,29,4392.01,1520.28,0.32210954226132676,0.06896551724137931,0.6551724137931034,3.586206896551724
2025-02,West,Online,Enterprise,33,32,8710.289999999999,2869.13,0.34991236354607613,0.12121212121212122,0.5151515151515151,3.3125
2025-02,West,Online,SMB,44,44,7969.58,2546.32,0.3361471683709945,0.06818181818181818,0.5909090909090909,3.3902439024390243
2025-02,West,Online,Unknown,24,24,5595.22,1842.0000000000002,0.33808302369063375,0.08333333333333333,0.7916666666666666,3.739130434782609
2025-02,West,Retail,Consumer,11,11,839.23,285.47,0.33113127270776777,0.0,0.5454545454545454,3.8181818181818183
2025-02,West,Retail,Enterprise,10,10,1609.96,518.33,0.2955242768508079,0.2,0.9,3.6
2025-02,West,Retail,SMB,16,16,3505.53,1122.79,0.34417262996936765,0.0625,0.75,3.625
2025-02,West,Retail,Unknown,8,8,1802.52,613.16,0.32313366339848115,0.0,0.5,3.857142857142857
2025-03,Central,B2B Sales,Consumer,4,4,367.89,133.79999999999998,0.3210884387294605,0.0,0.75,4.0
2025-03,Central,B2B Sales,Enterprise,6,6,1593.12,578.52,0.3485439254005756,0.16666666666666666,0.6666666666666666,3.6666666666666665
2025-03,Central,B2B Sales,SMB,8,8,2031.31,556.3399999999999,0.2948077550629646,0.0,0.5,3.375
2025-03,Central,B2B Sales,Unknown,9,9,2168.63,592.48,0.27613638537086227,0.1111111111111111,0.7777777777777778,3.5
2025-03,Central,Marketplace,Consumer,7,7,949.87,292.97,0.30267666797795506,0.0,0.8571428571428571,4.0
2025-03,Central,Marketplace,Enterprise,5,5,421.52,126.10000000000001,0.3023419235169571,0.0,0.6,3.8
2025-03,Central,Marketplace,SMB,5,5,697.4,223.89999999999998,0.3161154564971843,0.0,0.8,3.6
2025-03,Central,Marketplace,Unknown,2,2,388.90999999999997,103.94000000000001,0.23917953834742373,0.0,1.0,3.0
2025-03,Central,Online,Consumer,12,12,2011.59,672.8800000000001,0.3343926021609562,0.0,0.5,3.6666666666666665
2025-03,Central,Online,Enterprise,10,10,1287.5900000000001,438.73,0.342473392621707,0.0,0.8,3.3
2025-03,Central,Online,SMB,24,24,2986.0,1105.2,0.3480008070036378,0.041666666666666664,0.5,3.5
2025-03,Central,Online,Unknown,12,12,2447.68,834.61,0.33503820500987036,0.25,0.75,3.25
2025-03,Central,Retail,Consumer,5,5,832.2,330.44,0.3485570106525758,0.0,0.6,3.2
2025-03,Central,Retail,Enterprise,2,2,621.06,204.23999999999998,0.320948375235106,0.0,0.5,4.0
2025-03,Central,Retail,SMB,17,17,2256.2400000000002,707.0100000000001,0.3220996465141214,0.058823529411764705,0.7058823529411765,3.4
2025-03,Central,Retail,Unknown,10,10,1348.2400000000002,380.54,0.32141606719215154,0.4,0.7,3.0
2025-03,EU,B2B Sales,Consumer,16,16,3985.6,1438.0700000000002,0.358613913822154,0.1875,0.6875,3.1875
2025-03,EU,B2B Sales,Enterprise,8,8,1257.8300000000002,416.4800000000001,0.33169907708387325,0.25,0.75,3.125
2025-03,EU,B2B Sales,SMB,13,13,2269.24,727.59,0.3190277488710055,0.07692307692307693,0.6923076923076923,3.3333333333333335
2025-03,EU,B2B Sales,Unknown,8,8,964.16,299.9,0.3083502213863562,0.125,0.625,3.2857142857142856
2025-03,EU,Marketplace,Consumer,4,4,1407.09,481.2199999999999,0.3191338936916603,0.0,1.0,3.25
2025-03,EU,Marketplace,Enterprise,9,9,1018.86,354.08,0.36134610426303415,0.0,0.6666666666666666,3.2222222222222223
2025-03,EU,Marketplace,SMB,6,6,821.7,283.43,0.360587345473485,0.0,0.8333333333333334,3.6666666666666665
2025-03,EU,Marketplace,Unknown,6,6,1100.45,363.13,0.3024182779157648,0.3333333333333333,0.6666666666666666,3.3333333333333335
2025-03,EU,Online,Consumer,6,6,1083.37,399.89000000000004,0.3255537623034502,0.0,0.6666666666666666,4.0
2025-03,EU,Online,Enterprise,15,15,2213.37,628.5600000000001,0.2853507226192699,0.0,0.6666666666666666,3.2857142857142856
2025-03,EU,Online,SMB,23,23,2365.17,722.56,0.31421352778473227,0.13043478260869565,0.6521739130434783,3.3636363636363638
2025-03,EU,Online,Unknown,8,8,1457.69,502.49,0.35451060818214397,0.25,0.375,3.7142857142857144
2025-03,EU,Retail,Consumer,7,7,1032.42,295.4100000000001,0.2623317814411849,0.14285714285714285,0.8571428571428571,2.8333333333333335
2025-03,EU,Retail,Enterprise,3,3,492.38,193.37000000000003,0.3956405717567337,0.3333333333333333,1.0,2.3333333333333335
2025-03,EU,Retail,SMB,9,9,2051.95,505.72999999999996,0.2858131950348736,0.1111111111111111,0.6666666666666666,3.125
2025-03,EU,Retail,Unknown,12,12,3466.0099999999998,1000.77,0.291147674946959,0.16666666666666666,0.4166666666666667,3.4545454545454546
2025-03,East,B2B Sales,Consumer,2,2,152.57,59.599999999999994,0.3901614903097317,0.0,0.0,3.0
2025-03,East,B2B Sales,Enterprise,3,3,1019.31,289.5,0.3135512085682734,0.0,0.6666666666666666,4.0
2025-03,East,B2B Sales,SMB,9,9,824.8,283.06,0.3217998122005653,0.2222222222222222,0.3333333333333333,3.6666666666666665
2025-03,East,B2B Sales,Unknown,7,7,921.81,301.53999999999996,0.32998602256128995,0.0,0.8571428571428571,3.4285714285714284
2025-03,East,Marketplace,Consumer,5,5,1369.6100000000001,592.02,0.40277180685801045,0.0,0.8,3.75
2025-03,East,Marketplace,Enterprise,8,8,1334.98,432.13000000000005,0.3123176407880389,0.0,0.625,3.5
2025-03,East,Marketplace,SMB,15,15,1848.32,572.0,0.3059468297450769,0.06666666666666667,0.8666666666666667,3.2
2025-03,East,Marketplace,Unknown,7,7,1094.47,296.06999999999994,0.2988250804396868,0.0,0.5714285714285714,3.6666666666666665
2025-03,East,Online,Consumer,11,11,1973.15,612.9799999999999,0.34764981296063985,0.0,0.8181818181818182,3.1
2025-03,East,Online,Enterprise,10,10,1446.21,459.84000000000003,0.33527129944683154,0.1,0.6,3.3
2025-03,East,Online,SMB,26,26,7180.33,2075.24,0.33037005192488267,0.07692307692307693,0.6538461538461539,3.28
2025-03,East,Online,Unknown,10,10,2900.5699999999997,1010.9499999999998,0.33358769908288693,0.0,0.5,3.4444444444444446
2025-03,East,Retail,Consumer,7,7,1651.98,439.34999999999997,0.27793680557661005,0.14285714285714285,1.0,3.142857142857143
2025-03,East,Retail,Enterprise,13,13,2326.38,636.56,0.295219171122786,0.15384615384615385,0.8461538461538461,3.076923076923077
2025-03,East,Retail,SMB,12,12,2039.33,681.5,0.3208039610247615,0.0,0.4166666666666667,3.6666666666666665
2025-03,East,Retail,Unknown,7,7,1459.51,485.51000000000005,0.3360731713854526,0.0,0.7142857142857143,4.0
2025-03,West,B2B Sales,Consumer,8,8,2708.3,824.09,0.3135858602913253,0.125,0.75,3.25
2025-03,West,B2B Sales,Enterprise,13,13,1912.67,647.08,0.3285251413648948,0.15384615384615385,0.5384615384615384,3.0
2025-03,West,B2B Sales,SMB,32,31,5180.18,1815.6799999999998,0.33899448256579234,0.21875,0.65625,3.066666666666667
2025-03,West,B2B Sales,Unknown,14,14,2392.71,699.76,0.29866137697100087,0.0,0.8571428571428571,3.5
2025-03,West,Marketplace,Consumer,14,14,1461.99,404.98,0.3047288682922251,0.07142857142857142,0.7857142857142857,3.5
2025-03,West,Marketplace,Enterprise,14,14,1878.16,643.98,0.3317244221448629,0.14285714285714285,0.7142857142857143,3.0
2025-03,West,Marketplace,SMB,27,26,3837.71,1229.7199999999998,0.3131267140808032,0.07407407407407407,0.8148148148148148,3.5555555555555554
2025-03,West,Marketplace,Unknown,12,12,2689.69,854.8399999999999,0.33333160110257126,0.0,0.8333333333333334,3.3
2025-03,West,Online,Consumer,17,17,3360.6,996.29,0.3152938884326361,0.0,0.7058823529411765,3.2941176470588234
2025-03,West,Online,Enterprise,30,30,4576.650000000001,1381.8300000000002,0.30268503275825265,0.06666666666666667,0.6666666666666666,3.2413793103448274
2025-03,West,Online,SMB,50,49,8156.179999999999,2700.5699999999997,0.323978904938962,0.06,0.52,3.489795918367347
2025-03,West,Online,Unknown,17,17,2447.84,693.24,0.2908666335473621,0.17647058823529413,0.7058823529411765,3.1875
2025-03,West,Retail,Consumer,11,11,1627.78,469.58,0.29630171756108714,0.0,0.5454545454545454,3.5454545454545454
2025-03,West,Retail,Enterprise,8,8,739.12,226.44,0.3326717777784781,0.25,0.875,3.125
2025-03,West,Retail,SMB,18,18,3489.43,1225.17,0.33313586361669556,0.2222222222222222,0.3888888888888889,3.176470588235294
2025-03,West,Retail,Unknown,11,11,1820.6,556.34,0.35856020586586806,0.0,0.7272727272727273,3.727272727272727
2025-04,Central,B2B Sales,Consumer,7,7,1558.1000000000001,485.65000000000003,0.30315522859592914,0.0,0.8571428571428571,3.8333333333333335
2025-04,Central,B2B Sales,Enterprise,8,8,1453.37,566.56,0.3675504078432624,0.0,0.625,3.0
2025-04,Central,B2B Sales,SMB,10,10,2778.74,936.1300000000001,0.33096604660972734,0.0,0.7,3.4
2025-04,Central,B2B Sales,Unknown,6,5,1416.83,469.28,0.3402327590283458,0.0,1.0,3.3333333333333335
2025-04,Central,Marketplace,Consumer,6,6,510.21,168.74,0.35244569853736213,0.0,1.0,3.5
2025-04,Central,Marketplace,Enterprise,7,7,1344.57,398.47999999999996,0.3224290206031382,0.14285714285714285,0.8571428571428571,3.2
2025-04,Central,Marketplace,SMB,21,21,5679.39,1908.03,0.3334447103200803,0.047619047619047616,0.6666666666666666,3.5789473684210527
2025-04,Central,Marketplace,Unknown,6,6,670.72,229.88000000000002,0.33313734901876657,0.0,0.6666666666666666,3.1666666666666665
2025-04,Central,Online,Consumer,14,14,1745.9,549.15,0.3238442776535312,0.0,0.7857142857142857,3.7142857142857144
2025-04,Central,Online,Enterprise,13,12,1902.6399999999999,636.26,0.3174630682001208,0.07692307692307693,0.6153846153846154,3.1666666666666665
2025-04,Central,Online,SMB,19,19,3491.19,1143.21,0.3276485509840646,0.05263157894736842,0.5789473684210527,3.526315789473684
2025-04,Central,Online,Unknown,11,11,2074.12,781.23,0.3536186436402165,0.0,0.5454545454545454,2.909090909090909
2025-04,Central,Retail,Consumer,12,12,1560.51,581.1800000000001,0.35942461524788455,0.16666666666666666,0.8333333333333334,3.0
2025-04,Central,Retail,Enterprise,5,5,1373.72,467.61000000000007,0.32889689398563143,0.0,1.0,3.6
2025-04,Central,Retail,SMB,6,6,891.83,332.62,0.34152829635151266,0.0,0.6666666666666666,3.5
2025-04,Central,Retail,Unknown,8,8,860.3199999999999,253.76,0.31978344361785543,0.125,0.875,2.625
2025-04,EU,B2B Sales,Consumer,6,6,982.9799999999999,356.07,0.3353478434569043,0.3333333333333333,1.0,3.0
2025-04,EU,B2B Sales,Enterprise,5,5,1476.22,601.85,0.39202995358144704,0.0,0.6,4.2
2025-04,EU,B2B Sales,SMB,14,14,2467.68,773.92,0.31589836717860464,0.07142857142857142,0.5,3.4285714285714284
2025-04,EU,B2B Sales,Unknown,5,5,380.9,131.91,0.3294255244595894,0.0,0.8,2.8
2025-04,EU,Marketplace,Consumer,3,3,785.91,271.92999999999995,0.37296372980190445,0.3333333333333333,0.3333333333333333,2.0
2025-04,EU,Marketplace,Enterprise,8,8,4141.5,1400.5800000000002,0.3220838556784967,0.125,0.875,3.875
2025-04,EU,Marketplace,SMB,15,15,3450.31,1214.73,0.3569847277631626,0.13333333333333333,0.8,3.4285714285714284
2025-04,EU,Marketplace,Unknown,5,5,495.34000000000003,150.64000000000001,0.3371004443157853,0.2,1.0,3.2
2025-04,EU,Online,Consumer,6,6,905.67,291.53999999999996,0.33900744897285584,0.16666666666666666,0.6666666666666666,2.8
2025-04,EU,Online,Enterprise,12,12,1366.11,459.21,0.33670744303802164,0.16666666666666666,0.6666666666666666,3.75
2025-04,EU,Online,SMB,24,24,8645.880000000001,2916.9900000000002,0.33665125212458863,0.041666666666666664,0.5416666666666666,3.5238095238095237
2025-04,EU,Online,Unknown,14,14,1377.2,456.67,0.32629417631510266,0.07142857142857142,0.5,3.4285714285714284
2025-04,EU,Retail,Consumer,9,9,741.09,241.83999999999997,0.31130277650823474,0.0,0.5555555555555556,3.375
2025-04,EU,Retail,Enterprise,7,7,1437.69,437.3,0.32849691053524,0.2857142857142857,0.5714285714285714,2.857142857142857
2025-04,EU,Retail,SMB,11,11,1385.41,436.86,0.311301033453446,0.0,0.8181818181818182,3.727272727272727
2025-04,EU,Retail,Unknown,1,1,122.86,45.41,0.36960768354224316,0.0,1.0,3.0
2025-04,East,B2B Sales,Consumer,3,3,424.67,143.22000000000003,0.39301007947807437,0.0,1.0,4.333333333333333
2025-04,East,B2B Sales,Enterprise,4,4,536.96,205.01999999999995,0.3503943509521086,0.0,0.25,3.5
2025-04,East,B2B Sales,SMB,12,12,1291.13,371.79,0.3001236922819482,0.08333333333333333,0.5833333333333334,3.6666666666666665
2025-04,East,B2B Sales,Unknown,12,12,1204.26,369.08,0.3031202751982289,0.08333333333333333,0.6666666666666666,3.6
2025-04,East,Marketplace,Consumer,4,4,397.64,104.42,0.2541715089654687,0.25,1.0,2.75
2025-04,East,Marketplace,Enterprise,9,9,1430.0700000000002,477.46999999999997,0.3512273010815689,0.0,0.7777777777777778,3.111111111111111
2025-04,East,Marketplace,SMB,10,10,2400.0099999999998,872.7700000000001,0.34851063795882153,0.0,0.9,3.4
2025-04,East,Marketplace,Unknown,9,9,780.54,263.77,0.3306366762285229,0.1111111111111111,0.8888888888888888,3.5
2025-04,East,Online,Consumer,9,9,1548.98,490.35,0.314208264372484,0.2222222222222222,0.5555555555555556,3.0
2025-04,East,Online,Enterprise,16,16,1846.44,630.8000000000001,0.32696567179201824,0.125,0.6875,3.7333333333333334
2025-04,East,Online,SMB,30,30,6139.400000000001,1906.7400000000002,0.3175315032646867,0.0,0.6666666666666666,3.4482758620689653
2025-04,East,Online,Unknown,11,11,2063.72,605.32,0.33229748724309827,0.09090909090909091,0.6363636363636364,3.3
2025-04,East,Retail,Consumer,1,1,52.03,11.219999999999999,0.21564482029598306,0.0,1.0,5.0
2025-04,East,Retail,Enterprise,7,7,889.97,300.83000000000004,0.33288246912788144,0.0,0.8571428571428571,2.8333333333333335
2025-04,East,Retail,SMB,10,10,3186.8,984.19,0.29878529940931536,0.2,0.4,3.111111111111111
2025-04,East,Retail,Unknown,8,8,1521.3300000000002,586.99,0.31293997016634073,0.25,0.625,2.7142857142857144
2025-04,West,B2B Sales,Consumer,9,9,857.03,295.91999999999996,0.34765406938035787,0.0,0.7777777777777778,3.0
2025-04,West,B2B Sales,Enterprise,7,7,466.56,137.60000000000002,0.30383553623373244,0.0,1.0,3.2857142857142856
2025-04,West,B2B Sales,SMB,19,19,4236.5,1222.47,0.3289219745509181,0.10526315789473684,0.7368421052631579,3.9473684210526314
2025-04,West,B2B Sales,Unknown,16,16,1775.8,505.23999999999995,0.2917370253646963,0.125,0.625,3.3125
2025-04,West,Marketplace,Consumer,9,9,1750.58,586.6300000000001,0.35372725005952593,0.0,0.6666666666666666,3.111111111111111
2025-04,West,Marketplace,Enterprise,9,8,912.28,290.59000000000003,0.3197796184495274,0.0,0.6666666666666666,3.3333333333333335
2025-04,West,Marketplace,SMB,19,19,4710.03,1372.42,0.3040178200869115,0.05263157894736842,0.5789473684210527,3.25
2025-04,West,Marketplace,Unknown,7,7,1389.3999999999999,349.17999999999995,0.28659273260924795,0.14285714285714285,1.0,3.3333333333333335
2025-04,West,Online,Consumer,26,26,5748.5599999999995,1801.48,0.3402030274408122,0.11538461538461539,0.7307692307692307,3.2
2025-04,West,Online,Enterprise,21,21,4774.84,1676.62,0.3322433317074237,0.047619047619047616,0.42857142857142855,3.6315789473684212
2025-04,West,Online,SMB,38,38,6512.07,2088.3,0.312530359429191,0.07894736842105263,0.6578947368421053,3.264705882352941
2025-04,West,Online,Unknown,21,21,3641.87,1250.88,0.3347747684068773,0.14285714285714285,0.47619047619047616,3.25
2025-04,West,Retail,Consumer,8,8,1456.6200000000001,439.98,0.30414926612196824,0.125,0.75,3.857142857142857
2025-04,West,Retail,Enterprise,14,14,2117.18,633.3199999999999,0.3029145239246282,0.0,0.7857142857142857,3.5
2025-04,West,Retail,SMB,24,24,4478.18,1548.02,0.3278480209287604,0.125,0.7916666666666666,3.3043478260869565
2025-04,West,Retail,Unknown,11,11,1688.26,490.71000000000004,0.30086358424551013,0.09090909090909091,0.8181818181818182,3.3
2025-05,Central,B2B Sales,Consumer,11,11,3583.17,1150.09,0.3484494408447844,0.09090909090909091,0.5454545454545454,3.272727272727273
2025-05,Central,B2B Sales,Enterprise,10,10,1243.48,413.09000000000003,0.31724771088487197,0.1,0.8,3.5555555555555554
2025-05,Central,B2B Sales,SMB,12,12,2806.61,747.83,0.30290529627755064,0.08333333333333333,0.75,3.75
2025-05,Central,B2B Sales,Unknown,13,13,1621.09,516.0600000000001,0.32787471654713407,0.0,0.7692307692307693,3.5833333333333335
2025-05,Central,Marketplace,Consumer,3,3,338.77,141.18,0.38567297256615446,0.0,0.3333333333333333,3.6666666666666665
2025-05,Central,Marketplace,Enterprise,7,7,1620.14,532.6,0.3154777255904865,0.14285714285714285,0.2857142857142857,3.2857142857142856
2025-05,Central,Marketplace,SMB,8,8,848.31,266.9,0.31172608016289693,0.375,0.625,3.25
2025-05,Central,Marketplace,Unknown,14,14,1775.81,635.64,0.3397155486423516,0.0,0.5714285714285714,3.5833333333333335
2025-05,Central,Online,Consumer,17,17,2803.44,882.0300000000001,0.3315676714530827,0.17647058823529413,0.47058823529411764,3.0588235294117645
2025-05,Central,Online,Enterprise,8,8,1407.74,364.28999999999996,0.24496806310077385,0.125,0.875,3.75
2025-05,Central,Online,SMB,36,35,6073.85,1986.55,0.33406156282415256,0.16666666666666666,0.6944444444444444,3.2777777777777777
2025-05,Central,Online,Unknown,23,23,4944.51,1447.1100000000001,0.31040083766864063,0.13043478260869565,0.7391304347826086,3.272727272727273
2025-05,Central,Retail,Consumer,7,7,571.81,153.64,0.2863913909993277,0.0,0.8571428571428571,3.2857142857142856
2025-05,Central,Retail,Enterprise,5,5,2066.83,607.78,0.286547195123832,0.2,0.8,3.0
2025-05,Central,Retail,SMB,11,11,2120.06,651.3299999999999,0.3218664819089918,0.0,0.7272727272727273,3.3333333333333335
2025-05,Central,Retail,Unknown,5,5,617.74,216.87,0.33225764014351655,0.0,0.6,4.0
2025-05,EU,B2B Sales,Consumer,5,5,527.39,182.37,0.3805231505729815,0.0,0.8,3.0
2025-05,EU,B2B Sales,Enterprise,6,6,1085.67,388.43000000000006,0.3836319197501825,0.0,0.8333333333333334,3.1666666666666665
2025-05,EU,B2B Sales,SMB,10,10,2609.83,874.5299999999999,0.3323649974898969,0.0,0.6,3.6
2025-05,EU,B2B Sales,Unknown,5,5,2135.77,654.7700000000001,0.3206982399332438,0.0,0.6,3.4
2025-05,EU,Marketplace,Consumer,5,5,1697.44,493.0899999999999,0.28759891068623056,0.0,0.4,3.0
2025-05,EU,Marketplace,Enterprise,8,8,594.22,189.12,0.31725019485565054,0.125,0.875,3.0
2025-05,EU,Marketplace,SMB,13,13,1746.79,638.89,0.3486384773615429,0.07692307692307693,0.6923076923076923,3.3333333333333335
2025-05,EU,Marketplace,Unknown,2,2,261.77,76.72999999999999,0.31071129137987985,0.0,1.0,2.0
2025-05,EU,Online,Consumer,14,14,2917.52,809.2299999999999,0.2970390313012588,0.21428571428571427,0.6428571428571429,3.0714285714285716
2025-05,EU,Online,Enterprise,12,12,2058.68,701.19,0.3413547055890556,0.08333333333333333,0.8333333333333334,3.4166666666666665
2025-05,EU,Online,SMB,23,23,5619.33,1834.37,0.3237532561380367,0.21739130434782608,0.6521739130434783,3.272727272727273
2025-05,EU,Online,Unknown,5,5,628.27,185.11,0.31286402202724706,0.0,0.8,3.2
2025-05,EU,Retail,Consumer,8,8,1540.87,585.7299999999999,0.34768052325809173,0.25,0.5,2.875
2025-05,EU,Retail,Enterprise,8,8,2130.23,697.24,0.3228597159923549,0.0,0.5,3.25
2025-05,EU,Retail,SMB,18,18,3945.57,1351.55,0.34485125660645777,0.1111111111111111,0.6111111111111112,3.4444444444444446
2025-05,EU,Retail,Unknown,8,8,832.42,297.77,0.3470597823940426,0.0,0.875,3.142857142857143
2025-05,East,B2B Sales,Consumer,4,4,791.14,315.1700000000001,0.3327317772894102,0.0,0.5,3.25
2025-05,East,B2B Sales,Enterprise,7,6,1489.81,569.6700000000001,0.3840336931356528,0.14285714285714285,0.7142857142857143,3.7142857142857144
2025-05,East,B2B Sales,SMB,8,8,2080.0099999999998,590.56,0.30440454883784684,0.125,0.5,3.4285714285714284
2025-05,East,B2B Sales,Unknown,12,12,2166.34,667.5699999999999,0.2985338632841741,0.08333333333333333,0.5833333333333334,3.272727272727273
2025-05,East,Marketplace,Consumer,5,5,1883.82,757.42,0.3833954798670376,0.0,0.6,3.2
2025-05,East,Marketplace,Enterprise,8,8,1355.01,434.21000000000004,0.3280476790623441,0.25,1.0,2.875
2025-05,East,Marketplace,SMB,16,16,1842.33,630.1400000000001,0.32541410812742383,0.125,0.75,3.375
2025-05,East,Marketplace,Unknown,2,2,429.15,168.3,0.3816957395741528,0.0,0.5,3.5
2025-05,East,Online,Consumer,9,9,847.65,287.08,0.31491334259239,0.1111111111111111,0.6666666666666666,3.75
2025-05,East,Online,Enterprise,17,17,3499.06,1108.6699999999998,0.34749580800007296,0.058823529411764705,0.6470588235294118,3.411764705882353
2025-05,East,Online,SMB,26,26,6376.76,1957.2699999999998,0.31439513282544246,0.11538461538461539,0.7307692307692307,3.269230769230769
2025-05,East,Online,Unknown,20,20,3030.5299999999997,1098.2,0.32180765457983296,0.0,0.65,3.5789473684210527
2025-05,East,Retail,Consumer,9,9,1297.15,426.98,0.33954780665807016,0.1111111111111111,0.6666666666666666,3.5555555555555554
2025-05,East,Retail,Enterprise,4,4,1725.68,669.4600000000002,0.3743536567179377,0.25,1.0,2.75
2025-05,East,Retail,SMB,10,10,1137.05,381.45000000000005,0.32166775012289006,0.0,0.7,3.5555555555555554
2025-05,East,Retail,Unknown,5,5,1925.6299999999999,745.6999999999999,0.3526407877764916,0.0,0.4,4.2
2025-05,East,Unknown,Consumer,1,1,37.44,14.619999999999997,0.39049145299145294,0.0,1.0,3.0
2025-05,West,B2B Sales,Consumer,8,8,548.85,167.56,0.3120312540983653,0.0,0.375,3.125
2025-05,West,B2B Sales,Enterprise,11,11,1860.3400000000001,650.84,0.33349659389083286,0.18181818181818182,0.5454545454545454,3.1
2025-05,West,B2B Sales,SMB,15,15,2287.4900000000002,750.5,0.3324782613866607,0.06666666666666667,0.8,2.7857142857142856
2025-05,West,B2B Sales,Unknown,16,16,3665.9500000000003,1315.5000000000002,0.3364110007031328,0.0625,0.875,3.4
2025-05,West,Marketplace,Consumer,12,12,1561.61,476.72999999999996,0.31500419516713096,0.16666666666666666,0.6666666666666666,3.25
2025-05,West,Marketplace,Enterprise,16,16,2556.68,915.7600000000001,0.3472811048077826,0.125,0.75,3.25
2025-05,West,Marketplace,SMB,25,25,5780.82,1728.6399999999999,0.3115319905947298,0.0,0.64,3.28
2025-05,West,Marketplace,Unknown,10,10,1234.47,357.44,0.3109129829669718,0.2,0.9,3.0
2025-05,West,Online,Consumer,26,26,4108.81,1369.45,0.329760813195483,0.15384615384615385,0.5384615384615384,3.076923076923077
2025-05,West,Online,Enterprise,26,26,4815.77,1648.95,0.3183044472188056,0.038461538461538464,0.7307692307692307,3.4583333333333335
2025-05,West,Online,SMB,49,49,11528.91,3822.42,0.32610033037371605,0.08163265306122448,0.6530612244897959,3.276595744680851
2025-05,West,Online,Unknown,20,20,4194.33,1372.25,0.3361611035049775,0.1,0.6,3.1578947368421053
2025-05,West,Retail,Consumer,20,19,3631.68,1191.5,0.3324511842506813,0.05,0.6,3.4
2025-05,West,Retail,Enterprise,13,13,2541.73,757.9399999999999,0.30959415307360894,0.0,0.7692307692307693,3.3076923076923075
2025-05,West,Retail,SMB,26,26,4326.75,1381.17,0.32336348647649255,0.19230769230769232,0.6538461538461539,3.3043478260869565
2025-05,West,Retail,Unknown,11,11,1733.62,545.31,0.3201378980219913,0.18181818181818182,0.7272727272727273,3.4
2025-06,Central,B2B Sales,Consumer,8,8,760.27,250.96999999999997,0.3148423181801081,0.125,0.75,3.142857142857143
2025-06,Central,B2B Sales,Enterprise,5,5,307.53,118.22,0.37681644427019095,0.0,0.6,3.0
2025-06,Central,B2B Sales,SMB,15,15,2297.15,723.3900000000001,0.32889461519180857,0.2,0.8666666666666667,2.933333333333333
2025-06,Central,B2B Sales,Unknown,11,11,2719.53,835.02,0.30227925761661656,0.0,0.45454545454545453,3.6363636363636362
2025-06,Central,Marketplace,Consumer,8,8,1961.76,739.4,0.3435484239131043,0.125,0.625,3.142857142857143
2025-06,Central,Marketplace,Enterprise,4,4,385.08000000000004,132.5,0.3187269485446164,0.0,1.0,3.5
2025-06,Central,Marketplace,SMB,14,14,3294.5899999999997,1171.09,0.31534564805798365,0.0,0.42857142857142855,3.5
2025-06,Central,Marketplace,Unknown,4,4,1035.94,353.7800000000001,0.28283789253851577,0.25,0.5,3.0
2025-06,Central,Online,Consumer,11,11,1679.46,488.40000000000003,0.3154724974866775,0.09090909090909091,0.7272727272727273,3.5454545454545454
2025-06,Central,Online,Enterprise,7,7,1011.49,260.49,0.34434503272684097,0.14285714285714285,0.42857142857142855,4.142857142857143
2025-06,Central,Online,SMB,26,25,6420.0,2057.9300000000003,0.3333970279213353,0.038461538461538464,0.6923076923076923,3.3076923076923075
2025-06,Central,Online,Unknown,7,7,2784.89,799.19,0.3444828245827282,0.0,0.7142857142857143,4.142857142857143
2025-06,Central,Retail,Consumer,1,1,30.26,7.940000000000001,0.26239259748843363,0.0,1.0,5.0
2025-06,Central,Retail,Enterprise,8,8,2937.72,1170.3,0.36639679913347,0.125,0.75,3.25
2025-06,Central,Retail,SMB,14,14,2022.81,748.9899999999999,0.35548001330068285,0.07142857142857142,0.9285714285714286,3.5
2025-06,Central,Retail,Unknown,8,8,1725.99,648.9499999999999,0.35756466377954044,0.0,0.875,3.625
2025-06,EU,B2B Sales,Consumer,7,7,949.9,272.52000000000004,0.30824243410908353,0.2857142857142857,0.7142857142857143,3.0
2025-06,EU,B2B Sales,Enterprise,6,6,737.87,245.65999999999997,0.33913304265080396,0.0,0.8333333333333334,3.3333333333333335
2025-06,EU,B2B Sales,SMB,12,12,2459.34,765.28,0.32072570397251854,0.16666666666666666,0.5833333333333334,3.1666666666666665
2025-06,EU,B2B Sales,Unknown,5,5,988.48,301.59999999999997,0.30938531436787364,0.0,0.8,3.8
2025-06,EU,Marketplace,Consumer,6,5,595.91,223.26999999999998,0.34263417404816204,0.0,0.6666666666666666,3.8333333333333335
2025-06,EU,Marketplace,Enterprise,5,5,695.13,184.38000000000002,0.27982984329970767,0.0,0.6,4.0
2025-06,EU,Marketplace,SMB,12,12,1946.73,629.76,0.3253196745487507,0.16666666666666666,0.8333333333333334,2.9166666666666665
2025-06,EU,Marketplace,Unknown,12,12,1119.56,375.34000000000003,0.32932509247253067,0.16666666666666666,0.75,3.3636363636363638
2025-06,EU,Online,Consumer,8,8,549.88,190.17,0.31768572533635026,0.25,0.5,3.125
2025-06,EU,Online,Enterprise,15,15,1858.22,668.24,0.3469803566417047,0.0,0.6666666666666666,3.1333333333333333
2025-06,EU,Online,SMB,17,17,2618.78,900.4699999999999,0.31662530439742953,0.11764705882352941,0.6470588235294118,3.3333333333333335
2025-06,EU,Online,Unknown,7,7,1450.56,478.5,0.3224621809340112,0.14285714285714285,0.7142857142857143,2.7142857142857144
2025-06,EU,Retail,Consumer,6,6,2320.07,722.9100000000001,0.33821541290734,0.0,0.6666666666666666,3.5
2025-06,EU,Retail,Enterprise,6,6,997.7700000000001,332.36,0.30323008372449206,0.0,0.3333333333333333,3.6666666666666665
2025-06,EU,Retail,SMB,13,13,2151.29,623.94,0.29864051225271904,0.07692307692307693,0.7692307692307693,3.6666666666666665
2025-06,EU,Retail,Unknown,3,3,245.34000000000003,78.25000000000003,0.3213757772804393,0.0,1.0,3.3333333333333335
2025-06,East,B2B Sales,Consumer,2,2,255.42,76.13999999999999,0.29241603324977994,0.0,0.5,2.5
2025-06,East,B2B Sales,Enterprise,10,10,1221.0,358.05,0.30508754445980796,0.0,1.0,4.1
2025-06,East,B2B Sales,SMB,8,8,1788.28,471.42,0.2886658104234774,0.0,0.375,3.5714285714285716
2025-06,East,B2B Sales,Unknown,8,8,946.86,322.39,0.3417019528370354,0.125,0.75,3.0
2025-06,East,Marketplace,Consumer,3,3,461.11,153.35999999999996,0.3442499573378441,0.3333333333333333,0.0,2.3333333333333335
2025-06,East,Marketplace,Enterprise,4,4,200.51999999999998,80.3,0.38041593252115957,0.0,1.0,3.5
2025-06,East,Marketplace,SMB,8,8,1637.95,558.1999999999999,0.3411171949694074,0.125,0.375,3.125
2025-06,East,Marketplace,Unknown,6,6,554.89,216.99,0.3680997937794457,0.16666666666666666,0.5,3.1666666666666665
2025-06,East,Online,Consumer,18,18,3057.95,993.06,0.28211596351666574,0.05555555555555555,0.6666666666666666,3.0588235294117645
2025-06,East,Online,Enterprise,22,21,4212.94,1329.45,0.3226327247965955,0.18181818181818182,0.6818181818181818,3.272727272727273
2025-06,East,Online,SMB,31,31,6871.08,2397.11,0.33626465285112267,0.16129032258064516,0.6129032258064516,3.225806451612903
2025-06,East,Online,Unknown,9,9,657.15,215.87999999999997,0.3112391885223442,0.0,0.8888888888888888,3.5
2025-06,East,Retail,Consumer,7,7,696.85,190.08,0.2734199021743691,0.0,0.8571428571428571,3.0
2025-06,East,Retail,Enterprise,7,7,1171.2,355.15999999999997,0.3178527211210164,0.2857142857142857,0.8571428571428571,2.5714285714285716
2025-06,East,Retail,SMB,10,10,878.08,334.73,0.36750654749361156,0.2,0.8,3.4
2025-06,East,Retail,Unknown,7,7,842.69,291.08,0.29612653191443833,0.0,0.5714285714285714,3.5714285714285716
2025-06,West,B2B Sales,Consumer,8,8,879.49,252.89,0.28313443447597353,0.0,0.75,3.25
2025-06,West,B2B Sales,Enterprise,10,10,3492.81,1278.46,0.36180386026086325,0.1,0.8,3.3
2025-06,West,B2B Sales,SMB,26,26,4484.76,1341.6000000000001,0.290395778905866,0.15384615384615385,0.6153846153846154,3.2083333333333335
2025-06,West,B2B Sales,Unknown,18,18,2837.17,951.04,0.333507719577365,0.05555555555555555,0.7222222222222222,3.388888888888889
2025-06,West,Marketplace,Consumer,12,12,2167.45,720.4199999999998,0.3502973908850932,0.08333333333333333,0.6666666666666666,3.5833333333333335
2025-06,West,Marketplace,Enterprise,9,9,2033.21,609.53,0.33113137284119337,0.1111111111111111,0.7777777777777778,3.0
2025-06,West,Marketplace,SMB,26,26,5981.22,2005.19,0.3082564717499997,0.038461538461538464,0.8076923076923077,3.3076923076923075
2025-06,West,Marketplace,Unknown,11,11,2982.46,786.0700000000002,0.28603775715594887,0.0,0.36363636363636365,3.4545454545454546
2025-06,West,Online,Consumer,27,27,4405.17,1512.77,0.33655335140581294,0.1111111111111111,0.6296296296296297,3.3461538461538463
2025-06,West,Online,Enterprise,33,33,6879.5599999999995,2229.44,0.317250248705123,0.12121212121212122,0.6060606060606061,3.5
2025-06,West,Online,SMB,39,39,7291.93,2300.3599999999997,0.3132687944055482,0.1282051282051282,0.6410256410256411,3.076923076923077
2025-06,West,Online,Unknown,21,21,4373.71,1535.3999999999999,0.3091729465724949,0.0,0.5714285714285714,3.65
2025-06,West,Retail,Consumer,9,9,1432.22,434.54999999999995,0.3456985525343115,0.1111111111111111,0.4444444444444444,3.7777777777777777
2025-06,West,Retail,Enterprise,15,15,3767.0,1324.3500000000001,0.3210258339430686,0.0,0.6,3.5
2025-06,West,Retail,SMB,26,26,3830.38,1345.8000000000002,0.319523808889305,0.11538461538461539,0.7692307692307693,3.269230769230769
2025-06,West,Retail,Unknown,8,8,2619.75,782.4000000000001,0.31080937577086815,0.125,0.75,2.625
2025-07,Central,B2B Sales,Consumer,9,9,1698.3200000000002,633.36,0.320538416537311,0.3333333333333333,0.7777777777777778,3.7777777777777777
2025-07,Central,B2B Sales,Enterprise,4,4,340.26,108.4,0.31876717993209036,0.0,0.25,3.6666666666666665
2025-07,Central,B2B Sales,SMB,8,8,1522.33,449.64,0.29999800829893053,0.125,0.75,3.0
2025-07,Central,B2B Sales,Unknown,10,9,957.4499999999999,372.56,0.34050013852518857,0.1,0.8,3.1
2025-07,Central,Marketplace,Consumer,12,12,2543.74,809.25,0.3339488249324026,0.0,0.5833333333333334,3.3333333333333335
2025-07,Central,Marketplace,Enterprise,8,8,701.22,215.28000000000003,0.3182305770122632,0.125,0.625,3.2857142857142856
2025-07,Central,Marketplace,SMB,13,13,3319.83,1088.94,0.3571227237492929,0.23076923076923078,0.6153846153846154,3.4545454545454546
2025-07,Central,Marketplace,Unknown,11,11,1153.11,311.40999999999997,0.30009470109278963,0.0,0.7272727272727273,3.5
2025-07,Central,Online,Consumer,13,13,1688.98,578.99,0.3405506707579943,0.38461538461538464,0.7692307692307693,3.230769230769231
2025-07,Central,Online,Enterprise,13,13,874.0,304.81999999999994,0.36221992748890963,0.07692307692307693,0.8461538461538461,3.1538461538461537
2025-07,Central,Online,SMB,30,29,5216.1,1570.42,0.31930144417942885,0.06666666666666667,0.7,3.3
2025-07,Central,Online,Unknown,12,12,1309.51,414.61,0.3242236783108679,0.16666666666666666,0.75,3.090909090909091
2025-07,Central,Retail,Consumer,5,5,902.38,226.10999999999996,0.24177809253909022,0.0,0.4,3.0
2025-07,Central,Retail,Enterprise,5,5,331.39,98.17,0.31617923918166246,0.0,0.4,3.4
2025-07,Central,Retail,SMB,13,13,2467.48,733.3800000000001,0.31930018041510794,0.07692307692307693,0.6153846153846154,3.5833333333333335
2025-07,Central,Retail,Unknown,4,4,489.25,163.37,0.3325599801970982,0.0,0.75,4.0
2025-07,EU,B2B Sales,Consumer,4,4,283.54,97.32,0.33015244539135113,0.0,0.5,4.0
2025-07,EU,B2B Sales,Enterprise,7,7,1603.01,495.5099999999999,0.29276777698324125,0.0,0.5714285714285714,3.0
2025-07,EU,B2B Sales,SMB,10,10,1145.81,317.42999999999995,0.2947853991999196,0.0,0.7,3.9
2025-07,EU,B2B Sales,Unknown,9,9,1264.82,394.67,0.3192399516892918,0.0,0.5555555555555556,3.7777777777777777
2025-07,EU,Marketplace,Consumer,8,8,1532.81,462.63000000000005,0.29638254624854476,0.25,0.75,3.25
2025-07,EU,Marketplace,Enterprise,3,3,405.96000000000004,125.25000000000003,0.33118359030654493,0.0,1.0,3.6666666666666665
2025-07,EU,Marketplace,SMB,10,10,1049.54,313.05,0.3126290040630017,0.0,0.6,3.8
2025-07,EU,Marketplace,Unknown,4,4,194.22,70.35000000000001,0.34736735242042194,0.25,0.5,3.5
2025-07,EU,Online,Consumer,15,14,2292.6,798.49,0.34412527338184673,0.0,0.9333333333333333,3.466666666666667
2025-07,EU,Online,Enterprise,10,10,1222.99,394.22,0.31279533096560674,0.2,0.7,3.0
2025-07,EU,Online,SMB,19,19,2202.4,704.39,0.3205488996243228,0.0,0.631578947368421,3.473684210526316
2025-07,EU,Online,Unknown,14,14,1559.86,513.63,0.3290039996781776,0.0,0.6428571428571429,3.4615384615384617
2025-07,EU,Retail,Consumer,8,8,774.82,224.47,0.3111870663528188,0.0,0.75,2.625
2025-07,EU,Retail,Enterprise,6,6,838.34,255.22999999999996,0.3097480214377117,0.16666666666666666,0.6666666666666666,3.1666666666666665
2025-07,EU,Retail,SMB,23,22,3192.06,1047.51,0.30962650065683645,0.2608695652173913,0.6956521739130435,3.4285714285714284
2025-07,EU,Retail,Unknown,4,4,622.02,214.49,0.3376058852409216,0.0,1.0,2.75
2025-07,East,B2B Sales,Consumer,7,7,1230.1100000000001,410.55000000000007,0.3433238640769272,0.14285714285714285,0.8571428571428571,3.0
2025-07,East,B2B Sales,Enterprise,6,6,517.48,178.15,0.33110751844764447,0.16666666666666666,0.8333333333333334,2.8333333333333335
2025-07,East,B2B Sales,SMB,9,9,2949.24,955.99,0.29133287627103965,0.0,0.8888888888888888,3.7777777777777777
2025-07,East,B2B Sales,Unknown,3,3,417.53,158.44000000000003,0.3728578842301591,0.0,1.0,3.3333333333333335
2025-07,East,Marketplace,Consumer,10,10,1219.6200000000001,424.05000000000007,0.35131680123686093,0.0,0.7,3.9
2025-07,East,Marketplace,Enterprise,6,6,785.4599999999999,255.71999999999997,0.30898098799337476,0.0,0.6666666666666666,2.8333333333333335
2025-07,East,Marketplace,SMB,13,13,2557.09,779.97,0.3240843222859785,0.07692307692307693,0.9230769230769231,3.3333333333333335
2025-07,East,Marketplace,Unknown,9,9,2099.27,647.51,0.3254850799031755,0.1111111111111111,0.5555555555555556,3.7777777777777777
2025-07,East,Online,Consumer,9,9,320.78,106.05,0.3407063691423347,0.2222222222222222,0.6666666666666666,3.0
2025-07,East,Online,Enterprise,12,11,2967.66,862.2699999999999,0.30320928875469827,0.0,0.75,3.3333333333333335
2025-07,East,Online,SMB,25,25,4245.06,1346.07,0.3277786565460938,0.12,0.72,3.272727272727273
2025-07,East,Online,Unknown,13,13,2379.62,636.6199999999999,0.29303629213898436,0.0,0.6153846153846154,3.5833333333333335
2025-07,East,Retail,Consumer,2,2,247.23,71.50999999999999,0.27278403540661555,0.0,1.0,3.0
2025-07,East,Retail,Enterprise,9,9,1073.31,390.28,0.3367889668952182,0.0,0.4444444444444444,3.125
2025-07,East,Retail,SMB,11,11,1553.68,519.9,0.34389563178619126,0.09090909090909091,0.5454545454545454,3.1818181818181817
2025-07,West,B2B Sales,Consumer,21,21,4898.09,1600.33,0.34057939203609905,0.0,0.6666666666666666,3.45
2025-07,West,B2B Sales,Enterprise,8,8,859.2,294.57,0.34393910020892715,0.0,0.5,3.25
2025-07,West,B2B Sales,SMB,20,20,5432.5599999999995,1849.0199999999998,0.330986358826575,0.2,0.8,3.35
2025-07,West,B2B Sales,Unknown,14,14,1384.56,495.47999999999996,0.34790601029415297,0.14285714285714285,0.7857142857142857,3.3846153846153846
2025-07,West,Marketplace,Consumer,16,16,3409.11,1016.1200000000001,0.325947744105353,0.0,0.8125,3.1875
2025-07,West,Marketplace,Enterprise,13,13,1674.38,617.65,0.3335059723246236,0.15384615384615385,0.5384615384615384,3.6666666666666665
2025-07,West,Marketplace,SMB,21,21,3530.86,1017.7500000000001,0.31690481189249864,0.09523809523809523,0.6190476190476191,3.0952380952380953
2025-07,West,Marketplace,Unknown,12,12,2953.54,992.71,0.31611743969700545,0.08333333333333333,0.9166666666666666,3.4545454545454546
2025-07,West,Online,Consumer,19,19,4862.16,1536.91,0.3005078514765385,0.15789473684210525,0.5789473684210527,3.6315789473684212
2025-07,West,Online,Enterprise,25,24,4777.11,1353.66,0.3112677590530518,0.0,0.56,3.16
2025-07,West,Online,SMB,45,45,8516.93,2854.03,0.32752788774936514,0.08888888888888889,0.6888888888888889,3.2439024390243905
2025-07,West,Online,Unknown,22,21,4621.02,1646.22,0.3297702558677043,0.045454545454545456,0.6818181818181818,3.3181818181818183
2025-07,West,Retail,Consumer,16,16,2989.79,824.8599999999999,0.30839790901165615,0.1875,0.6875,3.375
2025-07,West,Retail,Enterprise,15,15,2312.88,656.95,0.3044500190591814,0.06666666666666667,0.8,3.357142857142857
2025-07,West,Retail,SMB,32,32,5448.7,1461.97,0.30474417482372285,0.0625,0.75,3.3666666666666667
2025-07,West,Retail,Unknown,10,10,1334.8799999999999,428.88,0.3187279971027429,0.0,0.6,3.111111111111111
2025-08,Central,B2B Sales,Consumer,6,6,1274.99,450.27,0.31395657594530507,0.16666666666666666,0.8333333333333334,3.1666666666666665
2025-08,Central,B2B Sales,Enterprise,4,4,945.52,323.55,0.32677161337831717,0.25,1.0,3.75
2025-08,Central,B2B Sales,SMB,11,11,2070.7400000000002,592.6600000000001,0.3195412964116376,0.2727272727272727,0.5454545454545454,3.090909090909091
2025-08,Central,B2B Sales,Unknown,5,5,502.9,136.42000000000002,0.28660873834530637,0.2,0.6,3.5
2025-08,Central,Marketplace,Consumer,10,9,998.88,343.75,0.3334295068292835,0.0,0.5,3.6
2025-08,Central,Marketplace,Enterprise,5,5,1304.74,448.55999999999995,0.35134493608317624,0.0,0.6,3.6
2025-08,Central,Marketplace,SMB,6,6,855.62,313.4,0.34545292223408247,0.16666666666666666,0.8333333333333334,3.0
2025-08,Central,Marketplace,Unknown,4,4,187.43,59.93000000000001,0.32005505064946876,0.0,0.75,2.75
2025-08,Central,Online,Consumer,8,8,1104.36,368.36,0.30560842745538486,0.0,0.5,3.7142857142857144
2025-08,Central,Online,Enterprise,10,10,1553.21,577.4,0.35433285570587036,0.0,0.6,3.1
2025-08,Central,Online,SMB,20,20,4171.53,1375.31,0.33816724447650287,0.3,0.6,3.45
2025-08,Central,Online,Unknown,12,12,1974.45,647.07,0.3164476709428682,0.08333333333333333,0.8333333333333334,3.25
2025-08,Central,Retail,Consumer,5,5,1875.73,531.7300000000001,0.29492831978950335,0.0,0.8,3.8
2025-08,Central,Retail,Enterprise,9,9,743.48,254.95999999999998,0.2930898149650063,0.1111111111111111,0.6666666666666666,3.4444444444444446
2025-08,Central,Retail,SMB,15,15,1540.24,440.90999999999997,0.3224539764511028,0.2,0.5333333333333333,3.6666666666666665
2025-08,Central,Retail,Unknown,7,7,611.83,204.7,0.345595507083668,0.14285714285714285,0.8571428571428571,3.3333333333333335
2025-08,EU,B2B Sales,Consumer,8,8,1912.8899999999999,558.04,0.30321475861402575,0.0,0.75,3.375
2025-08,EU,B2B Sales,Enterprise,5,5,1109.86,320.71000000000004,0.284958376566086,0.0,0.4,3.2
2025-08,EU,B2B Sales,SMB,7,7,481.03000000000003,191.69,0.35606287050102275,0.0,0.5714285714285714,2.5714285714285716
2025-08,EU,B2B Sales,Unknown,6,6,1409.52,353.48,0.2612382903429458,0.5,0.8333333333333334,2.8333333333333335
2025-08,EU,Marketplace,Consumer,8,8,704.61,222.72000000000003,0.34668746744882667,0.125,0.75,3.25
2025-08,EU,Marketplace,Enterprise,10,10,1743.0,568.6800000000001,0.30949685848675373,0.0,0.7,3.75
2025-08,EU,Marketplace,SMB,13,13,4341.69,1199.5900000000001,0.31009678738481067,0.0,0.7692307692307693,3.3333333333333335
2025-08,EU,Marketplace,Unknown,8,8,1579.92,507.0199999999999,0.347885069530339,0.25,0.625,2.75
2025-08,EU,Online,Consumer,12,12,2122.23,629.48,0.3143511652075617,0.25,0.6666666666666666,2.8333333333333335
2025-08,EU,Online,Enterprise,13,13,1657.77,595.99,0.346294357267529,0.07692307692307693,0.8461538461538461,3.769230769230769
2025-08,EU,Online,SMB,22,22,3556.57,1114.0900000000001,0.3134921134843511,0.13636363636363635,0.5454545454545454,3.2857142857142856
2025-08,EU,Online,Unknown,6,6,1398.9099999999999,511.91999999999996,0.3432730600149457,0.3333333333333333,0.6666666666666666,3.3333333333333335
2025-08,EU,Retail,Consumer,6,6,685.59,241.62,0.355891320795185,0.0,0.8333333333333334,3.1666666666666665
2025-08,EU,Retail,Enterprise,3,3,920.92,211.96999999999997,0.23322501764581696,0.3333333333333333,0.6666666666666666,3.6666666666666665
2025-08,EU,Retail,SMB,18,18,1538.22,531.5799999999999,0.35234296739846543,0.05555555555555555,0.7777777777777778,3.4444444444444446
2025-08,EU,Retail,Unknown,5,5,891.31,322.43999999999994,0.33966650995603825,0.0,0.6,3.2
2025-08,East,B2B Sales,Consumer,5,5,1502.34,567.68,0.3270666945519987,0.2,0.4,3.2
2025-08,East,B2B Sales,Enterprise,5,5,1726.64,652.6899999999999,0.33216403416088996,0.2,0.4,4.0
2025-08,East,B2B Sales,SMB,17,17,2808.31,886.69,0.32100398041235645,0.11764705882352941,0.6470588235294118,3.6470588235294117
2025-08,East,B2B Sales,Unknown,7,7,999.36,322.67,0.31869568705815216,0.0,0.5714285714285714,3.7142857142857144
2025-08,East,Marketplace,Consumer,5,5,973.44,365.74000000000007,0.3635335855087648,0.2,0.8,3.5
2025-08,East,Marketplace,Enterprise,8,8,936.1099999999999,316.93999999999994,0.3185837049177896,0.125,0.5,3.125
2025-08,East,Marketplace,SMB,7,7,618.69,210.63,0.33532675478989676,0.2857142857142857,0.5714285714285714,3.2857142857142856
2025-08,East,Marketplace,Unknown,6,6,387.41,134.21,0.3579759555313653,0.0,0.5,3.1666666666666665
2025-08,East,Online,Consumer,17,17,4756.14,1511.18,0.3071113364799553,0.17647058823529413,0.5882352941176471,3.25
2025-08,East,Online,Enterprise,15,15,3631.21,1160.06,0.32934338876545766,0.13333333333333333,0.8,3.2857142857142856
2025-08,East,Online,SMB,37,35,7187.26,2374.66,0.3246454937657759,0.13513513513513514,0.5135135135135135,3.257142857142857
2025-08,East,Online,Unknown,12,12,3313.13,841.4100000000002,0.3295632487379359,0.08333333333333333,0.6666666666666666,3.25
2025-08,East,Retail,Consumer,5,5,1533.0900000000001,474.35,0.33189289915736914,0.0,0.6,3.0
2025-08,East,Retail,Enterprise,6,6,1062.9,353.06,0.3313976320829136,0.0,0.6666666666666666,4.0
2025-08,East,Retail,SMB,18,18,2920.22,866.1999999999999,0.28912227792831824,0.05555555555555555,0.5,3.0588235294117645
2025-08,East,Retail,Unknown,9,9,1550.52,459.82,0.32791740839969713,0.0,0.7777777777777778,3.4444444444444446
2025-08,West,B2B Sales,Consumer,15,14,2280.64,832.53,0.3386671158611411,0.0,0.8,3.2666666666666666
2025-08,West,B2B Sales,Enterprise,17,17,4564.0199999999995,1496.83,0.3512213875826752,0.058823529411764705,0.7647058823529411,3.4375
2025-08,West,B2B Sales,SMB,30,30,6158.87,1909.6799999999998,0.3381661631782782,0.03333333333333333,0.8333333333333334,3.7333333333333334
2025-08,West,B2B Sales,Unknown,11,11,1426.97,455.6,0.3261091910280234,0.18181818181818182,0.8181818181818182,3.2
2025-08,West,Marketplace,Consumer,12,12,2566.64,887.1199999999999,0.34098396787693885,0.0,0.6666666666666666,3.6666666666666665
2025-08,West,Marketplace,Enterprise,13,12,1947.14,567.0400000000001,0.3163780583066061,0.23076923076923078,0.46153846153846156,3.5384615384615383
2025-08,West,Marketplace,SMB,19,19,2173.7599999999998,714.31,0.32590789048980007,0.10526315789473684,0.7894736842105263,3.3157894736842106
2025-08,West,Marketplace,Unknown,10,10,1695.21,517.92,0.2989603855267101,0.3,0.8,2.4
2025-08,West,Online,Consumer,34,33,7368.97,2611.6,0.3366507974389177,0.029411764705882353,0.7058823529411765,3.59375
2025-08,West,Online,Enterprise,23,23,4452.78,1356.23,0.3044543869452027,0.17391304347826086,0.6086956521739131,3.5
2025-08,West,Online,SMB,47,46,6213.85,1983.75,0.30487209522756314,0.06382978723404255,0.7446808510638298,3.5555555555555554
2025-08,West,Online,Unknown,23,23,3444.14,1068.0700000000002,0.3053942506795804,0.043478260869565216,0.8695652173913043,3.5652173913043477
2025-08,West,Retail,Consumer,14,14,1407.37,528.0,0.36259010924951796,0.14285714285714285,0.6428571428571429,3.230769230769231
2025-08,West,Retail,Enterprise,10,10,2819.93,984.5099999999999,0.3134759993883612,0.1,0.8,2.9
2025-08,West,Retail,SMB,31,31,4576.95,1651.77,0.3472721640905155,0.06451612903225806,0.6774193548387096,3.466666666666667
2025-08,West,Retail,Unknown,15,14,2497.2,804.89,0.3039499029617188,0.06666666666666667,0.6,3.6
2025-09,Central,B2B Sales,Consumer,9,9,647.88,195.58999999999997,0.3220414772234595,0.0,0.6666666666666666,4.0
2025-09,Central,B2B Sales,Enterprise,6,6,472.38,156.17000000000002,0.3262932260769083,0.0,0.6666666666666666,3.6666666666666665
2025-09,Central,B2B Sales,SMB,9,9,3069.45,913.0300000000002,0.3249048003708316,0.1111111111111111,0.8888888888888888,3.2222222222222223
2025-09,Central,B2B Sales,Unknown,7,7,1823.7600000000002,629.3000000000002,0.35110047700630975,0.14285714285714285,0.7142857142857143,3.5714285714285716
2025-09,Central,Marketplace,Consumer,6,6,1093.63,341.32000000000005,0.31326859169851917,0.0,0.8333333333333334,4.0
2025-09,Central,Marketplace,Enterprise,6,6,1175.44,396.37999999999994,0.29526274726538215,0.0,0.8333333333333334,3.8333333333333335
2025-09,Central,Marketplace,SMB,12,12,1699.49,492.47,0.3649307778952704,0.0,0.75,3.090909090909091
2025-09,Central,Marketplace,Unknown,7,7,1227.6,325.38,0.26028248983714203,0.14285714285714285,0.8571428571428571,3.7142857142857144
2025-09,Central,Online,Consumer,16,16,1580.16,592.5,0.34546610627631497,0.0,0.5625,3.0625
2025-09,Central,Online,Enterprise,11,11,2550.95,921.7399999999999,0.32658556743322276,0.09090909090909091,0.7272727272727273,3.8181818181818183
2025-09,Central,Online,SMB,18,18,2349.6,848.66,0.33614095950804224,0.16666666666666666,0.8333333333333334,3.466666666666667
2025-09,Central,Online,Unknown,11,11,1551.46,405.94000000000005,0.2800891083765945,0.09090909090909091,0.9090909090909091,3.3
2025-09,Central,Retail,Consumer,4,4,675.8100000000001,273.15000000000003,0.35454944223714796,0.0,0.75,3.0
2025-09,Central,Retail,Enterprise,6,6,829.4100000000001,215.06000000000003,0.3071358405671238,0.0,0.5,3.3333333333333335
2025-09,Central,Retail,SMB,10,10,2932.63,941.7,0.32074930717528627,0.0,0.7,3.888888888888889
2025-09,Central,Retail,Unknown,4,4,560.87,164.55,0.3162688049446463,0.25,1.0,4.5
2025-09,EU,B2B Sales,Consumer,4,4,1194.13,338.14,0.2544487087000267,0.0,0.75,3.75
2025-09,EU,B2B Sales,Enterprise,3,3,1863.92,816.3199999999999,0.3972245256389959,0.3333333333333333,0.6666666666666666,3.3333333333333335
2025-09,EU,B2B Sales,SMB,12,12,1085.95,391.21999999999997,0.3420867352015491,0.08333333333333333,0.9166666666666666,3.272727272727273
2025-09,EU,B2B Sales,Unknown,8,8,1095.29,297.00999999999993,0.29786713711205015,0.0,0.625,3.5
2025-09,EU,Marketplace,Consumer,3,3,638.5799999999999,164.85999999999999,0.29712664113681303,0.0,1.0,3.0
2025-09,EU,Marketplace,Enterprise,8,8,710.34,248.89,0.30458820984955876,0.0,0.75,3.5
2025-09,EU,Marketplace,SMB,8,8,1699.01,632.23,0.3344118561858468,0.125,0.75,3.875
2025-09,EU,Marketplace,Unknown,5,5,1369.24,368.87999999999994,0.3277672338411407,0.0,1.0,3.4
2025-09,EU,Online,Consumer,14,14,1480.77,410.85,0.2937762512745847,0.14285714285714285,0.7142857142857143,3.1818181818181817
2025-09,EU,Online,Enterprise,10,10,2155.1800000000003,771.95,0.34513325201049805,0.1,0.5,3.2
2025-09,EU,Online,SMB,32,32,3681.02,1153.54,0.31856217759901384,0.15625,0.78125,3.193548387096774
2025-09,EU,Online,Unknown,10,10,2921.57,816.3300000000002,0.29247622857533867,0.0,0.6,3.7777777777777777
2025-09,EU,Retail,Consumer,4,4,229.97,67.4,0.2969094755985438,0.0,1.0,3.75
2025-09,EU,Retail,Enterprise,5,5,355.19,113.58,0.3123512330252826,0.0,0.4,3.0
2025-09,EU,Retail,SMB,19,19,3226.35,1132.02,0.33853456127134685,0.15789473684210525,0.6842105263157895,3.5294117647058822
2025-09,EU,Retail,Unknown,3,3,204.6,63.81,0.3280766127290542,0.0,1.0,3.6666666666666665
2025-09,East,B2B Sales,Consumer,6,6,473.39,151.76000000000002,0.3141957154806425,0.0,0.6666666666666666,3.6666666666666665
2025-09,East,B2B Sales,Enterprise,4,4,406.04,140.57000000000002,0.3529879229176004,0.0,0.5,3.25
2025-09,East,B2B Sales,SMB,15,15,1220.55,389.46,0.3226213285776838,0.13333333333333333,0.4666666666666667,3.2
2025-09,East,B2B Sales,Unknown,5,5,738.06,262.72,0.31404800227014623,0.2,0.4,2.6
2025-09,East,Marketplace,Consumer,7,7,623.98,202.8,0.3132158308154086,0.0,0.7142857142857143,3.1666666666666665
2025-09,East,Marketplace,Enterprise,10,10,1510.12,478.54,0.3285594037299214,0.0,0.8,3.6
2025-09,East,Marketplace,SMB,11,11,2128.19,729.43,0.3475670282520154,0.18181818181818182,0.6363636363636364,2.6363636363636362
2025-09,East,Marketplace,Unknown,6,6,1350.66,339.0199999999999,0.27791799742095846,0.0,0.6666666666666666,3.6666666666666665
2025-09,East,Online,Consumer,8,8,1951.07,721.09,0.3497839868552477,0.125,0.625,3.625
2025-09,East,Online,Enterprise,10,10,1323.56,400.19,0.2917899520768189,0.0,0.8,3.9
2025-09,East,Online,SMB,20,20,2259.0099999999998,770.73,0.33123485466513103,0.15,0.55,3.0526315789473686
2025-09,East,Online,Unknown,15,15,3046.7,1077.5800000000002,0.34265580530142087,0.13333333333333333,0.6666666666666666,3.230769230769231
2025-09,East,Retail,Consumer,5,5,1703.83,488.21,0.2985731602568604,0.0,0.8,4.2
2025-09,East,Retail,Enterprise,7,7,1569.46,476.26,0.2857882074313248,0.14285714285714285,0.2857142857142857,2.7142857142857144
2025-09,East,Retail,SMB,12,12,2038.75,624.9000000000001,0.3278809908228289,0.08333333333333333,0.5833333333333334,3.4545454545454546
2025-09,East,Retail,Unknown,7,7,1522.27,452.43,0.3023593897788622,0.0,0.7142857142857143,3.5714285714285716
2025-09,West,B2B Sales,Consumer,16,15,3535.75,1021.5500000000001,0.3222591946438011,0.0,0.625,3.5625
2025-09,West,B2B Sales,Enterprise,11,11,2300.34,682.28,0.3278738409457999,0.09090909090909091,0.6363636363636364,3.4
2025-09,West,B2B Sales,SMB,28,27,4138.2,1386.66,0.33130730590415575,0.17857142857142858,0.6071428571428571,3.0357142857142856
2025-09,West,B2B Sales,Unknown,9,9,824.08,245.08999999999997,0.2801657163231197,0.0,0.6666666666666666,3.3333333333333335
2025-09,West,Marketplace,Consumer,12,12,2721.2200000000003,1009.5600000000002,0.3678890792889205,0.3333333333333333,1.0,3.0833333333333335
2025-09,West,Marketplace,Enterprise,14,14,2972.19,883.63,0.2999426998560935,0.21428571428571427,0.6428571428571429,2.923076923076923
2025-09,West,Marketplace,SMB,21,21,3920.15,1271.78,0.31431634030931443,0.19047619047619047,0.7619047619047619,3.3157894736842106
2025-09,West,Marketplace,Unknown,11,11,2640.16,859.9699999999999,0.36535156135128816,0.0,0.45454545454545453,3.4
2025-09,West,Online,Consumer,29,29,5887.86,2018.65,0.3347517023110069,0.10344827586206896,0.7241379310344828,3.3448275862068964
2025-09,West,Online,Enterprise,24,24,4520.64,1408.7499999999998,0.33296569607537985,0.041666666666666664,0.625,3.4545454545454546
2025-09,West,Online,SMB,67,65,13658.24,4157.79,0.3195582295776043,0.04477611940298507,0.746268656716418,3.5538461538461537
2025-09,West,Online,Unknown,22,22,3258.89,1077.41,0.3242437586024387,0.09090909090909091,0.6818181818181818,3.3333333333333335
2025-09,West,Retail,Consumer,20,20,2989.62,1110.57,0.3247587363586885,0.1,0.75,3.5
2025-09,West,Retail,Enterprise,14,14,3180.64,910.2700000000001,0.3031277220884493,0.07142857142857142,0.5,3.3076923076923075
2025-09,West,Retail,SMB,24,24,5664.95,1894.7899999999997,0.3284400359352485,0.041666666666666664,0.7916666666666666,3.0
2025-09,West,Retail,Unknown,10,10,1238.3899999999999,416.77,0.3278060858788473,0.2,0.7,3.5
2025-10,Central,B2B Sales,Consumer,5,5,997.24,273.7300000000001,0.3139804675851032,0.2,1.0,3.6
2025-10,Central,B2B Sales,Enterprise,6,6,1109.9,421.02000000000004,0.3698817941802978,0.16666666666666666,0.8333333333333334,3.3333333333333335
2025-10,Central,B2B Sales,SMB,15,15,2688.04,846.07,0.30883063295952085,0.2,0.6,3.3333333333333335
2025-10,Central,B2B Sales,Unknown,3,3,397.65000000000003,108.46000000000001,0.3033795478721568,0.0,0.6666666666666666,4.0
2025-10,Central,Marketplace,Consumer,4,4,186.35000000000002,61.710000000000015,0.3134154337082258,0.25,0.75,3.5
2025-10,Central,Marketplace,Enterprise,6,6,709.55,210.05,0.3198177609325674,0.16666666666666666,0.8333333333333334,3.6666666666666665
2025-10,Central,Marketplace,SMB,14,14,1846.1399999999999,666.53,0.334873233057129,0.2857142857142857,0.7857142857142857,3.769230769230769
2025-10,Central,Marketplace,Unknown,8,8,1003.36,307.48999999999995,0.3286910792143344,0.125,0.625,3.375
2025-10,Central,Online,Consumer,13,13,2216.4,773.3999999999999,0.33155874432292626,0.15384615384615385,0.7692307692307693,3.090909090909091
2025-10,Central,Online,Enterprise,11,11,1177.19,362.07000000000005,0.3269935780335048,0.0,0.5454545454545454,3.5454545454545454
2025-10,Central,Online,SMB,20,20,5646.45,1820.96,0.32992112956396313,0.05,0.85,3.5789473684210527
2025-10,Central,Online,Unknown,13,13,3148.91,1042.6100000000001,0.3290605814121426,0.0,0.8461538461538461,3.230769230769231
2025-10,Central,Retail,Consumer,2,2,993.46,283.27000000000004,0.274566388221235,0.0,1.0,2.5
2025-10,Central,Retail,Enterprise,9,9,1057.43,374.18,0.3471484484614897,0.2222222222222222,0.7777777777777778,3.4444444444444446
2025-10,Central,Retail,SMB,8,8,1383.51,366.18000000000006,0.2914750617742956,0.25,0.875,3.0
2025-10,Central,Retail,Unknown,6,6,1317.5,393.56,0.3383885766459731,0.0,0.6666666666666666,3.8333333333333335
2025-10,EU,B2B Sales,Consumer,2,2,339.66999999999996,122.71999999999997,0.3395007599462587,0.5,0.0,1.5
2025-10,EU,B2B Sales,Enterprise,4,4,607.23,169.4,0.28380455575113794,0.75,0.25,2.75
2025-10,EU,B2B Sales,SMB,10,10,1550.22,505.4100000000001,0.2914800736573704,0.3,0.7,3.0
2025-10,EU,B2B Sales,Unknown,8,8,1017.94,362.30000000000007,0.3578808433329982,0.0,1.0,3.375
2025-10,EU,Marketplace,Consumer,6,6,429.8,133.64,0.33136959518695314,0.0,0.8333333333333334,3.8333333333333335
2025-10,EU,Marketplace,Enterprise,5,5,2063.51,788.8700000000001,0.3302248091047492,0.0,0.8,3.75
2025-10,EU,Marketplace,SMB,13,13,2837.7,921.0500000000002,0.30195579137245887,0.07692307692307693,0.5384615384615384,3.1666666666666665
2025-10,EU,Marketplace,Unknown,4,4,771.3199999999999,259.40999999999997,0.3302394136525648,0.5,1.0,2.75
2025-10,EU,Online,Consumer,13,13,1469.98,484.84999999999997,0.34336577086149933,0.07692307692307693,0.7692307692307693,3.1666666666666665
2025-10,EU,Online,Enterprise,17,17,3564.96,1091.42,0.30843397935180555,0.17647058823529413,0.7647058823529411,3.411764705882353
2025-10,EU,Online,SMB,26,26,4507.179999999999,1442.2,0.31715557093234226,0.07692307692307693,0.8076923076923077,3.12
2025-10,EU,Online,Unknown,9,9,1412.34,444.58000000000004,0.3130087169402421,0.1111111111111111,0.5555555555555556,3.111111111111111
2025-10,EU,Retail,Consumer,7,7,1723.5700000000002,461.78,0.2851588674169194,0.0,0.5714285714285714,3.5714285714285716
2025-10,EU,Retail,Enterprise,3,3,315.55,80.66,0.2928532261918761,0.0,0.6666666666666666,2.5
2025-10,EU,Retail,SMB,12,12,3099.5299999999997,845.4199999999998,0.3093900768491395,0.08333333333333333,0.5833333333333334,3.3333333333333335
2025-10,EU,Retail,Unknown,9,9,1309.23,428.53999999999996,0.31437272513930714,0.1111111111111111,1.0,3.111111111111111
2025-10,East,B2B Sales,Consumer,9,9,1010.35,383.44000000000005,0.3768636206854399,0.0,0.8888888888888888,3.7777777777777777
2025-10,East,B2B Sales,Enterprise,8,8,1620.42,501.89,0.3065882879486677,0.25,0.5,3.125
2025-10,East,B2B Sales,SMB,8,8,747.24,236.38,0.3065391288804587,0.0,0.75,3.142857142857143
2025-10,East,B2B Sales,Unknown,11,11,2557.0,952.6500000000001,0.3103770287547416,0.0,0.6363636363636364,3.272727272727273
2025-10,East,Marketplace,Consumer,5,5,951.3900000000001,269.95000000000005,0.33212706015266524,0.2,0.6,3.8
2025-10,East,Marketplace,Enterprise,4,4,364.26,118.83,0.36031018796273895,0.25,1.0,3.75
2025-10,East,Marketplace,SMB,12,12,1153.8899999999999,415.59999999999997,0.34572665618659065,0.0,0.75,3.75
2025-10,East,Marketplace,Unknown,6,6,560.95,221.8,0.3816825742482208,0.16666666666666666,0.8333333333333334,4.166666666666667
2025-10,East,Online,Consumer,15,15,2867.61,1085.06,0.3276380367866254,0.13333333333333333,0.5333333333333333,3.3333333333333335
2025-10,East,Online,Enterprise,14,14,3549.05,1159.5100000000002,0.32296882778729585,0.07142857142857142,1.0,3.3846153846153846
2025-10,East,Online,SMB,30,30,4939.35,1470.1100000000001,0.31433755889356785,0.1,0.5333333333333333,3.142857142857143
2025-10,East,Online,Unknown,12,11,3149.34,984.6300000000001,0.32414353357235853,0.08333333333333333,0.75,3.5
2025-10,East,Retail,Consumer,9,9,1001.38,299.61,0.32560833593838,0.1111111111111111,0.8888888888888888,3.25
2025-10,East,Retail,Enterprise,5,5,489.71000000000004,149.71,0.2731347799633462,0.0,0.6,3.6
2025-10,East,Retail,SMB,10,10,1503.54,486.56,0.33686099676948195,0.1,0.9,3.4
2025-10,East,Retail,Unknown,6,6,780.02,269.79,0.343369210897932,0.0,0.6666666666666666,4.166666666666667
2025-10,West,B2B Sales,Consumer,7,7,668.0400000000001,198.03000000000003,0.3073238527322788,0.0,0.5714285714285714,3.7142857142857144
2025-10,West,B2B Sales,Enterprise,8,8,1119.73,352.25,0.32648205090646704,0.25,0.875,3.4285714285714284
2025-10,West,B2B Sales,SMB,22,22,4760.07,1388.98,0.3121360488756981,0.09090909090909091,0.5909090909090909,3.5454545454545454
2025-10,West,B2B Sales,Unknown,15,15,2598.21,850.56,0.29770537846533673,0.06666666666666667,0.8,3.066666666666667
2025-10,West,Marketplace,Consumer,10,10,1850.65,670.48,0.336393851486846,0.0,0.7,3.8
2025-10,West,Marketplace,Enterprise,15,15,1583.17,525.41,0.34976131166714564,0.06666666666666667,0.7333333333333333,3.6923076923076925
2025-10,West,Marketplace,SMB,27,27,5243.44,1859.82,0.33822894083214206,0.1111111111111111,0.8888888888888888,3.576923076923077
2025-10,West,Marketplace,Unknown,11,11,2366.99,717.8699999999999,0.3222646128537238,0.09090909090909091,0.45454545454545453,3.090909090909091
2025-10,West,Online,Consumer,24,23,2516.98,819.98,0.31849697306885844,0.041666666666666664,0.75,3.0833333333333335
2025-10,West,Online,Enterprise,21,21,2436.27,807.22,0.3382137310126283,0.0,0.5238095238095238,3.5
2025-10,West,Online,SMB,40,40,8389.04,2932.6000000000004,0.3405992108486589,0.075,0.8,3.2051282051282053
2025-10,West,Online,Unknown,25,25,5533.67,1715.1499999999999,0.33065037310136197,0.16,0.56,3.2
2025-10,West,Retail,Consumer,13,13,1628.98,545.51,0.32453239602134754,0.07692307692307693,0.6153846153846154,3.6923076923076925
2025-10,West,Retail,Enterprise,16,16,1570.1200000000001,479.42,0.3161211098300103,0.0625,0.5625,3.5
2025-10,West,Retail,SMB,24,24,4933.21,1664.1799999999998,0.32445147270657276,0.20833333333333334,0.625,3.0454545454545454
2025-10,West,Retail,Unknown,16,16,2034.02,757.02,0.3634388556944154,0.1875,0.5625,3.3125
2025-11,Central,B2B Sales,Consumer,5,5,825.81,236.0,0.2869523036465299,0.0,0.8,3.4
2025-11,Central,B2B Sales,Enterprise,11,11,2737.39,964.53,0.33149411305305715,0.0,0.5454545454545454,4.0
2025-11,Central,B2B Sales,SMB,12,12,2707.5299999999997,717.96,0.2928329307079989,0.08333333333333333,0.75,3.5
2025-11,Central,B2B Sales,Unknown,5,5,971.28,325.84999999999997,0.30834611316472105,0.0,0.8,3.6
2025-11,Central,Marketplace,Consumer,10,10,2675.67,834.76,0.3232268865787706,0.0,0.6,3.5
2025-11,Central,Marketplace,Enterprise,4,4,612.47,161.82,0.28628578755315937,0.0,0.75,3.0
2025-11,Central,Marketplace,SMB,9,9,2407.3,827.42,0.34681648868857434,0.1111111111111111,0.4444444444444444,3.5
2025-11,Central,Marketplace,Unknown,4,4,866.1,254.65,0.32561119378837666,0.0,1.0,3.25
2025-11,Central,Online,Consumer,5,5,1220.58,404.96999999999997,0.3392892622143836,0.0,0.4,3.0
2025-11,Central,Online,Enterprise,11,11,1164.8899999999999,335.95,0.2940834202037162,0.09090909090909091,0.6363636363636364,3.4545454545454546
2025-11,Central,Online,SMB,21,20,3773.21,1146.61,0.3247450566434436,0.0,0.8095238095238095,3.619047619047619
2025-11,Central,Online,Unknown,9,9,1559.06,630.69,0.3585871341970642,0.2222222222222222,0.4444444444444444,3.375
2025-11,Central,Retail,Consumer,3,3,165.69,48.91,0.3006633541768146,0.3333333333333333,0.6666666666666666,3.6666666666666665
2025-11,Central,Retail,Enterprise,2,2,565.09,141.62,0.2491828427163728,0.0,1.0,2.5
2025-11,Central,Retail,SMB,8,8,507.7,179.77,0.35067756464800803,0.125,0.625,3.0
2025-11,Central,Retail,Unknown,3,3,345.1,103.68,0.2974587004217543,0.0,1.0,4.333333333333333
2025-11,EU,B2B Sales,Consumer,8,8,945.29,310.22999999999996,0.3452961131507801,0.125,0.875,3.4285714285714284
2025-11,EU,B2B Sales,Enterprise,4,4,561.94,139.77,0.24658575033665878,0.0,1.0,2.5
2025-11,EU,B2B Sales,SMB,8,8,657.12,210.08,0.32241610144342486,0.25,0.75,3.625
2025-11,EU,B2B Sales,Unknown,3,3,162.72,62.97,0.3907477129705692,0.3333333333333333,0.6666666666666666,3.6666666666666665
2025-11,EU,Marketplace,Enterprise,6,6,1503.35,398.14,0.30147450856886043,0.0,0.5,3.4
2025-11,EU,Marketplace,SMB,13,13,1222.12,355.43,0.30952857374338527,0.07692307692307693,0.7692307692307693,3.4615384615384617
2025-11,EU,Marketplace,Unknown,3,3,342.65,123.72,0.35724365911587913,0.0,1.0,3.3333333333333335
2025-11,EU,Online,Consumer,6,6,1060.33,348.03999999999996,0.2885116805661304,0.0,0.3333333333333333,2.8
2025-11,EU,Online,Enterprise,16,16,2539.2400000000002,788.9400000000002,0.3160367355932918,0.0625,0.75,3.4
2025-11,EU,Online,SMB,23,23,2332.47,669.2900000000001,0.30574495543271757,0.043478260869565216,0.6521739130434783,3.652173913043478
2025-11,EU,Online,Unknown,17,17,3531.76,1113.52,0.33094808602891757,0.17647058823529413,0.6470588235294118,3.1176470588235294
2025-11,EU,Retail,Consumer,5,5,357.9,106.28999999999999,0.282275645338729,0.2,0.2,2.6
2025-11,EU,Retail,Enterprise,7,7,1181.81,316.12000000000006,0.28154118811105155,0.14285714285714285,0.7142857142857143,3.142857142857143
2025-11,EU,Retail,SMB,8,8,1178.6299999999999,340.58,0.32127300518154045,0.0,0.75,4.0
2025-11,EU,Retail,Unknown,8,8,2080.7799999999997,602.41,0.29468941430421497,0.25,0.5,2.5
2025-11,East,B2B Sales,Consumer,5,5,750.64,261.53999999999996,0.30589128810896227,0.0,0.8,2.8
2025-11,East,B2B Sales,Enterprise,3,3,867.61,231.63,0.3539276762976191,0.0,0.6666666666666666,3.6666666666666665
2025-11,East,B2B Sales,SMB,10,10,1461.46,415.40000000000003,0.2817010184831906,0.1,0.8,3.1
2025-11,East,B2B Sales,Unknown,6,6,723.25,262.32,0.35235414524969294,0.0,0.6666666666666666,3.8
2025-11,East,Marketplace,Consumer,7,7,1222.46,410.84999999999997,0.32540769761608673,0.14285714285714285,0.5714285714285714,3.0
2025-11,East,Marketplace,Enterprise,8,8,2378.8399999999997,851.8999999999999,0.28951955408509467,0.0,0.875,3.375
2025-11,East,Marketplace,SMB,8,8,1846.4,711.9200000000001,0.32251070526456654,0.125,1.0,3.875
2025-11,East,Marketplace,Unknown,2,2,265.44,92.12,0.32325464549611127,0.5,0.5,2.0
2025-11,East,Online,Consumer,9,9,2343.19,785.63,0.3200164227790289,0.0,0.6666666666666666,3.3333333333333335
2025-11,East,Online,Enterprise,12,12,2164.39,796.68,0.3406340009495871,0.08333333333333333,0.4166666666666667,3.5
2025-11,East,Online,SMB,29,29,7418.33,2156.2,0.31851684049685197,0.0,0.6896551724137931,3.75
2025-11,East,Online,Unknown,10,10,2689.63,782.95,0.27073591935963803,0.0,0.7,3.8
2025-11,East,Retail,Consumer,4,4,340.03,106.98999999999998,0.32091317080005444,0.25,0.5,3.0
2025-11,East,Retail,Enterprise,5,5,1217.17,413.1,0.3146282116250979,0.4,0.4,2.4
2025-11,East,Retail,SMB,18,18,3118.6,970.3299999999999,0.3303964292229653,0.05555555555555555,0.7222222222222222,3.6470588235294117
2025-11,East,Retail,Unknown,5,5,670.49,249.45000000000005,0.3181534101248533,0.0,0.6,3.0
2025-11,West,B2B Sales,Consumer,14,14,5093.42,1489.59,0.303458947131996,0.07142857142857142,0.9285714285714286,3.230769230769231
2025-11,West,B2B Sales,Enterprise,9,9,2369.0699999999997,830.33,0.29637101728300624,0.2222222222222222,0.8888888888888888,3.25
2025-11,West,B2B Sales,SMB,22,22,5853.29,1737.54,0.3198491266634986,0.09090909090909091,0.7727272727272727,3.4761904761904763
2025-11,West,B2B Sales,Unknown,11,11,3601.34,1348.53,0.33987026284783906,0.09090909090909091,0.5454545454545454,3.090909090909091
2025-11,West,Marketplace,Consumer,13,13,2468.38,672.7,0.3113980297108786,0.07692307692307693,0.7692307692307693,3.5384615384615383
2025-11,West,Marketplace,Enterprise,12,12,1443.78,418.4,0.33474233993132474,0.08333333333333333,0.6666666666666666,3.3333333333333335
2025-11,West,Marketplace,SMB,26,24,4411.74,1173.2200000000003,0.30568089537725057,0.07692307692307693,0.7692307692307693,3.3846153846153846
2025-11,West,Marketplace,Unknown,10,10,805.38,259.47,0.3218355596768767,0.2,0.4,3.3
2025-11,West,Online,Consumer,17,17,4196.75,1168.3400000000001,0.33450783472734813,0.058823529411764705,0.7058823529411765,3.125
2025-11,West,Online,Enterprise,33,33,6049.38,2058.8,0.3196218384623994,0.030303030303030304,0.7878787878787878,3.3636363636363638
2025-11,West,Online,SMB,44,44,9042.62,2822.3599999999997,0.33295719256824213,0.0,0.6818181818181818,3.5
2025-11,West,Online,Unknown,17,17,2833.42,1067.52,0.3487769216715057,0.0,0.47058823529411764,3.176470588235294
2025-11,West,Retail,Consumer,9,9,1686.8700000000001,514.6899999999999,0.3225789675594575,0.1111111111111111,0.6666666666666666,3.625
2025-11,West,Retail,Enterprise,15,15,3764.37,1046.5199999999998,0.28802945114687045,0.13333333333333333,0.8,3.3333333333333335
2025-11,West,Retail,SMB,18,18,3242.1800000000003,1082.1200000000001,0.3323117793894244,0.05555555555555555,0.5555555555555556,3.235294117647059
2025-11,West,Retail,Unknown,15,15,3170.46,1169.4199999999998,0.31677232923707066,0.0,0.6666666666666666,3.142857142857143
2025-12,Central,B2B Sales,Consumer,6,6,1033.81,359.83000000000004,0.3531424528371128,0.0,0.5,3.3333333333333335
2025-12,Central,B2B Sales,Enterprise,4,4,598.98,150.08,0.25579966643341834,0.0,0.75,3.75
2025-12,Central,B2B Sales,SMB,9,9,1783.81,553.47,0.31707961935563556,0.2222222222222222,0.6666666666666666,3.2222222222222223
2025-12,Central,B2B Sales,Unknown,5,4,1953.75,577.8100000000001,0.2958786359060802,0.2,0.4,3.75
2025-12,Central,Marketplace,Consumer,8,7,1356.02,379.6,0.3296214708188354,0.375,0.75,3.25
2025-12,Central,Marketplace,Enterprise,11,11,1405.57,485.26,0.3455463732045275,0.0,0.7272727272727273,3.6363636363636362
2025-12,Central,Marketplace,SMB,11,11,3465.2,1262.1299999999999,0.3304875680085977,0.0,0.7272727272727273,3.1818181818181817
2025-12,Central,Marketplace,Unknown,5,5,534.71,161.07,0.3010482703626501,0.2,0.6,3.0
2025-12,Central,Online,Consumer,12,12,2091.97,725.15,0.3232001047389434,0.16666666666666666,0.75,3.6363636363636362
2025-12,Central,Online,Enterprise,22,22,4687.74,1601.1999999999998,0.3390038138623881,0.13636363636363635,0.6363636363636364,3.090909090909091
2025-12,Central,Online,SMB,20,20,2867.23,888.39,0.32260485778526415,0.05,0.7,3.45
2025-12,Central,Online,Unknown,15,15,2270.58,835.84,0.33920601540641043,0.06666666666666667,0.6666666666666666,3.533333333333333
2025-12,Central,Retail,Consumer,9,9,1237.16,346.49,0.2926324802925073,0.0,0.7777777777777778,3.75
2025-12,Central,Retail,Enterprise,7,7,936.8199999999999,249.95999999999998,0.29417049649637744,0.0,0.7142857142857143,3.4285714285714284
2025-12,Central,Retail,SMB,7,7,748.0699999999999,216.41,0.3351528329785743,0.0,0.5714285714285714,3.5714285714285716
2025-12,Central,Retail,Unknown,3,3,153.45,36.980000000000004,0.24629540221187338,0.0,1.0,3.0
2025-12,EU,B2B Sales,Consumer,3,3,325.75,90.64000000000001,0.26129086722636935,0.0,0.6666666666666666,4.0
2025-12,EU,B2B Sales,Enterprise,2,2,341.31,80.55999999999999,0.23281239890498617,0.0,1.0,4.5
2025-12,EU,B2B Sales,SMB,13,13,1401.45,491.37000000000006,0.34953736557274373,0.07692307692307693,0.7692307692307693,3.4545454545454546
2025-12,EU,B2B Sales,Unknown,11,11,1304.43,446.59,0.3150947966115391,0.2727272727272727,0.5454545454545454,3.4545454545454546
2025-12,EU,Marketplace,Consumer,5,5,1133.59,333.61,0.2958580122212452,0.0,0.8,3.8
2025-12,EU,Marketplace,Enterprise,7,7,2258.71,768.14,0.3228874630580388,0.14285714285714285,0.7142857142857143,4.142857142857143
2025-12,EU,Marketplace,SMB,13,13,2718.64,693.94,0.2927542077459963,0.07692307692307693,0.6153846153846154,3.769230769230769
2025-12,EU,Marketplace,Unknown,9,9,1757.7,589.86,0.36643244380500667,0.1111111111111111,0.7777777777777778,3.5555555555555554
2025-12,EU,Online,Consumer,10,10,2859.17,937.61,0.30763520861260046,0.1,0.3,3.6
2025-12,EU,Online,Enterprise,10,10,681.77,225.0,0.3276920441609722,0.1,0.6,3.5
2025-12,EU,Online,SMB,32,32,5958.17,2116.58,0.3267207046944766,0.1875,0.6875,3.53125
2025-12,EU,Online,Unknown,16,16,1865.67,586.31,0.31165140367081157,0.0,0.75,3.1333333333333333
2025-12,EU,Retail,Consumer,3,3,180.70000000000002,63.240000000000016,0.3349372358556137,0.3333333333333333,0.6666666666666666,2.3333333333333335
2025-12,EU,Retail,Enterprise,4,4,382.15999999999997,111.96,0.3167066384384406,0.25,0.75,2.0
2025-12,EU,Retail,SMB,11,11,1241.48,364.85,0.2874006420174794,0.09090909090909091,0.7272727272727273,3.5454545454545454
2025-12,EU,Retail,Unknown,6,6,935.33,252.48000000000002,0.275541368898463,0.0,0.6666666666666666,3.8
2025-12,East,B2B Sales,Consumer,4,4,468.93,140.13,0.28868088923923674,0.0,0.75,3.5
2025-12,East,B2B Sales,Enterprise,3,3,284.77,83.81,0.31132183133732083,0.0,1.0,3.0
2025-12,East,B2B Sales,SMB,16,16,2924.87,897.2500000000001,0.3060768170644143,0.0625,0.875,3.4
2025-12,East,B2B Sales,Unknown,5,5,631.3299999999999,169.45000000000002,0.30557637975351093,0.0,0.4,3.6
2025-12,East,Marketplace,Consumer,5,5,463.35999999999996,154.32999999999998,0.33418473949729044,0.0,0.6,4.2
2025-12,East,Marketplace,Enterprise,7,7,1471.17,483.7200000000001,0.3293301305780365,0.14285714285714285,0.8571428571428571,3.4285714285714284
2025-12,East,Marketplace,SMB,13,13,4588.2,1412.73,0.327562717055209,0.23076923076923078,0.6923076923076923,3.0
2025-12,East,Marketplace,Unknown,8,8,889.26,307.76,0.345482495041642,0.0,0.375,3.25
2025-12,East,Online,Consumer,4,4,553.15,201.57999999999998,0.35382216864226557,0.0,0.75,3.5
2025-12,East,Online,Enterprise,14,14,2166.55,770.89,0.3415761986512837,0.14285714285714285,0.7142857142857143,3.0714285714285716
2025-12,East,Online,SMB,33,32,5385.53,1756.66,0.32672085725108885,0.09090909090909091,0.7575757575757576,3.2903225806451615
2025-12,East,Online,Unknown,14,14,2837.02,998.03,0.3200572154658575,0.14285714285714285,0.5,3.642857142857143
2025-12,East,Retail,Consumer,5,5,599.54,196.34,0.3326026127035634,0.2,0.6,3.6
2025-12,East,Retail,Enterprise,4,4,354.36,107.55999999999999,0.29640800662179545,0.0,0.75,3.75
2025-12,East,Retail,SMB,7,7,1073.48,340.72,0.30452609470526093,0.2857142857142857,0.7142857142857143,3.4285714285714284
2025-12,East,Retail,Unknown,4,4,953.4,386.13000000000005,0.3455997684964067,0.0,0.75,3.0
2025-12,West,B2B Sales,Consumer,16,15,4061.4500000000003,1230.49,0.30529775350452715,0.0,0.875,3.533333333333333
2025-12,West,B2B Sales,Enterprise,11,11,2335.81,664.18,0.3049408877513153,0.36363636363636365,0.6363636363636364,3.1818181818181817
2025-12,West,B2B Sales,SMB,31,31,4456.03,1277.64,0.3213436843055372,0.12903225806451613,0.5483870967741935,3.2
2025-12,West,B2B Sales,Unknown,12,12,2843.4900000000002,775.34,0.32336657821042186,0.0,0.5833333333333334,3.75
2025-12,West,Marketplace,Consumer,12,12,2458.44,680.89,0.29983541929673346,0.08333333333333333,0.5,3.3333333333333335
2025-12,West,Marketplace,Enterprise,16,16,3254.15,1195.05,0.3216815564300938,0.125,0.875,3.3125
2025-12,West,Marketplace,SMB,29,27,5377.29,1728.76,0.3245613625147795,0.13793103448275862,0.6896551724137931,3.1724137931034484
2025-12,West,Marketplace,Unknown,7,7,612.0,178.68,0.2912415549029955,0.14285714285714285,0.7142857142857143,4.0
2025-12,West,Online,Consumer,31,31,5952.83,2024.15,0.3209412076947479,0.0967741935483871,0.7419354838709677,3.2580645161290325
2025-12,West,Online,Enterprise,24,24,3900.66,1309.5,0.3329648695640948,0.0,0.6666666666666666,3.2916666666666665
2025-12,West,Online,SMB,56,55,11591.12,3802.78,0.3219050526681652,0.10714285714285714,0.625,3.339622641509434
2025-12,West,Online,Unknown,23,23,2851.1099999999997,867.2199999999999,0.3226073257547411,0.043478260869565216,0.6086956521739131,3.3181818181818183
2025-12,West,Retail,Consumer,15,15,2097.57,665.0799999999999,0.32058215860842315,0.2,0.8666666666666667,3.2142857142857144
2025-12,West,Retail,Enterprise,11,10,2929.21,1150.1399999999999,0.3639083274543495,0.0,0.7272727272727273,3.3636363636363638
2025-12,West,Retail,SMB,20,20,2528.43,765.02,0.3040345116730428,0.1,0.7,3.2777777777777777
2025-12,West,Retail,Unknown,13,13,3053.62,963.0799999999999,0.3562936305635217,0.0,0.7692307692307693,3.4615384615384617
